{
	"format_version": "1.12.0",
	"minecraft:geometry": [
		{
			"description": {
				"identifier": "geometry.blocks.customcrops.pineapple.gigantic_geo.soojcraft",
				"texture_width": 16,
				"texture_height": 16,
				"visible_bounds_width": 3,
				"visible_bounds_height": 3.5,
				"visible_bounds_offset": [0, 1.25, 0]
			},
			"bones": [
				{
					"name": "bb_main",
					"pivot": [0, 0, 0],
					"cubes": [
						{
							"origin": [-4.5, 17, 0.5],
							"size": [9, 8, 0],
							"uv": {
								"north": {"uv": [4.5, 4], "uv_size": [3, 3]}
							}
						},
						{
							"origin": [0, 17, -4],
							"size": [0, 8, 9],
							"uv": {
								"east": {"uv": [4.5, 4], "uv_size": [3, 3]}
							}
						},
						{
							"origin": [-8.75, -0.75, -8.75],
							"size": [17.5, 17.5, 17.5],
							"uv": {
								"north": {"uv": [8, 0], "uv_size": [4, 4]},
								"east": {"uv": [8, 0], "uv_size": [4, 4]},
								"south": {"uv": [8, 0], "uv_size": [4, 4]},
								"west": {"uv": [8, 0], "uv_size": [4, 4]},
								"up": {"uv": [12, 4], "uv_size": [-4, -4]},
								"down": {"uv": [12, 4], "uv_size": [-4, -4]}
							}
						},
						{
							"origin": [-8, 0, -8],
							"size": [16, 16, 16],
							"uv": {
								"north": {"uv": [8, 4], "uv_size": [4, 4]},
								"east": {"uv": [8, 4], "uv_size": [4, 4]},
								"south": {"uv": [8, 4], "uv_size": [4, 4]},
								"west": {"uv": [8, 4], "uv_size": [4, 4]},
								"up": {"uv": [12, 8], "uv_size": [-4, -4]},
								"down": {"uv": [12, 8], "uv_size": [-4, -4]}
							}
						}
					]
				}
			]
		}
	]
}