{
	"format_version": "1.12.0",
	"minecraft:geometry": [
		{
			"description": {
				"identifier": "geometry.blocks.customcrops.pineapple.stage_1_geo.soojcraft",
				"texture_width": 16,
				"texture_height": 16,
				"visible_bounds_width": 2,
				"visible_bounds_height": 1.5,
				"visible_bounds_offset": [0, 0.25, 0]
			},
			"bones": [
				{
					"name": "bb_main",
					"pivot": [0, 0, 0],
					"cubes": [
						{
							"origin": [-2.25, 0, 0],
							"size": [4.5, 4.5, 0],
							"uv": {
								"north": {"uv": [0, 5.5], "uv_size": [1.5, 1.5]}
							}
						},
						{
							"origin": [0, 0, -2.25],
							"size": [0, 4.5, 4.5],
							"uv": {
								"east": {"uv": [0, 5.5], "uv_size": [1.5, 1.5]}
							}
						}
					]
				}
			]
		}
	]
}