{
	"format_version": "1.12.0",
	"minecraft:geometry": [
		{
			"description": {
				"identifier": "geometry.blocks.customcrops.pineapple.stage_2_geo.soojcraft",
				"texture_width": 16,
				"texture_height": 16,
				"visible_bounds_width": 2,
				"visible_bounds_height": 1.5,
				"visible_bounds_offset": [0, 0.25, 0]
			},
			"bones": [
				{
					"name": "bb_main",
					"pivot": [0, 0, 0],
					"cubes": [
						{
							"origin": [0.375, 2.25, -2.4375],
							"size": [0, 4.5, 4.5],
							"pivot": [6, 0, -6],
							"rotation": [0, 0, -22.5],
							"uv": {
								"east": {"uv": [0, 5.5], "uv_size": [1.5, 1.5]}
							}
						},
						{
							"origin": [-2.0625, 2.25, -0.375],
							"size": [4.5, 4.5, 0],
							"pivot": [6, 0, -6],
							"rotation": [-22.5, 0, 0],
							"uv": {
								"south": {"uv": [0, 5.5], "uv_size": [1.5, 1.5]}
							}
						},
						{
							"origin": [-2.0625, -2.0625, -0.9375],
							"size": [4.5, 4.5, 0],
							"pivot": [6, 0, -6],
							"rotation": [22.5, 0, 0],
							"uv": {
								"north": {"uv": [0, 5.5], "uv_size": [1.5, 1.5]}
							}
						},
						{
							"origin": [0.9375, -2.25, -2.4375],
							"size": [0, 4.5, 4.5],
							"pivot": [6, 0, -6],
							"rotation": [0, 0, 22.5],
							"uv": {
								"west": {"uv": [0, 5.5], "uv_size": [1.5, 1.5]}
							}
						}
					]
				}
			]
		}
	]
}