{
	"format_version": "1.12.0",
	"minecraft:geometry": [
		{
			"description": {
				"identifier": "geometry.blocks.customcrops.pineapple.stage_3_geo.soojcraft",
				"texture_width": 16,
				"texture_height": 16,
				"visible_bounds_width": 2,
				"visible_bounds_height": 1.5,
				"visible_bounds_offset": [0, 0.25, 0]
			},
			"bones": [
				{
					"name": "bb_main",
					"pivot": [0, 0, 0],
					"cubes": [
						{
							"origin": [-2.75, -2.75, -2.25],
							"size": [6, 6, 0],
							"pivot": [8, 0, -8],
							"rotation": [22.5, 0, 0],
							"uv": {
								"north": {"uv": [0, 5.5], "uv_size": [1.5, 1.5]}
							}
						},
						{
							"origin": [-1.25, 1, -1.75],
							"size": [3, 4, 3],
							"uv": {
								"north": {"uv": [1.5, 6], "uv_size": [1, 1]},
								"east": {"uv": [1.5, 5.5], "uv_size": [1, 1.5]},
								"south": {"uv": [3, 5.5], "uv_size": [1, 1.5]},
								"west": {"uv": [3, 5.5], "uv_size": [1, 1.5]},
								"up": {"uv": [12.25, 1.5], "uv_size": [-1, 1]},
								"down": {"uv": [11.25, 4], "uv_size": [1, -1]}
							}
						},
						{
							"origin": [-1.5, 0.75, -2],
							"size": [3.5, 4.5, 3.5],
							"uv": {
								"north": {"uv": [1.5, 2], "uv_size": [1, 1.5]},
								"east": {"uv": [0, 2], "uv_size": [1, 1.5]},
								"south": {"uv": [3, 0.5], "uv_size": [1, 1.5]},
								"west": {"uv": [3, 2], "uv_size": [1, 1.5]},
								"up": {"uv": [1.5, 0], "uv_size": [1, 1]},
								"down": {"uv": [3, 1.5], "uv_size": [1.5, -1.5]}
							}
						},
						{
							"origin": [0, 5, -2],
							"size": [0, 3, 3],
							"uv": {
								"east": {"uv": [0, 5.25], "uv_size": [0.75, 0.75]}
							}
						},
						{
							"origin": [-1, 5, 0],
							"size": [3, 3, 0],
							"uv": {
								"north": {"uv": [0, 5.25], "uv_size": [0.75, 0.75]}
							}
						},
						{
							"origin": [-0.5, 3, -3.25],
							"size": [0, 6, 6],
							"pivot": [8, 0, -8],
							"rotation": [0, 0, -22.5],
							"uv": {
								"east": {"uv": [0, 5.5], "uv_size": [1.5, 1.5]}
							}
						},
						{
							"origin": [-2.75, 3, 0.5],
							"size": [6, 6, 0],
							"pivot": [8, 0, -8],
							"rotation": [-22.5, 0, 0],
							"uv": {
								"south": {"uv": [0, 5.5], "uv_size": [1.5, 1.5]}
							}
						},
						{
							"origin": [2.25, -3, -3.25],
							"size": [0, 6, 6],
							"pivot": [8, 0, -8],
							"rotation": [0, 0, 22.5],
							"uv": {
								"west": {"uv": [0, 5.5], "uv_size": [1.5, 1.5]}
							}
						}
					]
				}
			]
		}
	]
}