{
	"format_version": "1.12.0",
	"minecraft:geometry": [
		{
			"description": {
				"identifier": "geometry.blocks.customcrops.hop.stage_2_geo.soojcraft",
				"texture_width": 16,
				"texture_height": 16,
				"visible_bounds_width": 4,
				"visible_bounds_height": 3.5,
				"visible_bounds_offset": [0, 1.25, 0]
			},
			"bones": [
				{
					"name": "bb_main2",
					"pivot": [0, 0, 0],
					"cubes": [
						{
							"origin": [0.81977, 13, 10.26963],
							"size": [5, 6, 0],
							"pivot": [-10.68023, 13, 12.26963],
							"rotation": [0, 45, 0],
							"uv": {
								"north": {"uv": [0, 9], "uv_size": [1.25, 1.5]}
							}
						}
					]
				},
				{
					"name": "bb_main",
					"pivot": [0, 0, 0],
					"cubes": [
						{
							"origin": [-1.18119, 16, 0.17556],
							"size": [5, 6, 0],
							"uv": {
								"south": {"uv": [0, 7.5], "uv_size": [1.25, 1.5]}
							}
						},
						{
							"origin": [0.9864, 4, 1.0136],
							"size": [5, 6, 0],
							"pivot": [2.5, 8.49999, 1.0136],
							"rotation": [0, -22.5, 0],
							"uv": {
								"south": {"uv": [0, 7.5], "uv_size": [1, 1.5]}
							}
						},
						{
							"origin": [-3.42287, -1, 2.56963],
							"size": [5, 6, 0],
							"pivot": [-5.92287, 2, -0.73037],
							"rotation": [0, 22.5, 0],
							"uv": {
								"south": {"uv": [1.25, 9], "uv_size": [-1.25, 1.5]}
							}
						},
						{
							"origin": [-3.4864, 7, -0.0136],
							"size": [5, 6, 0],
							"pivot": [-0.5, 8.49999, -4.0136],
							"rotation": [0, -45, 0],
							"uv": {
								"north": {"uv": [0, 7.5], "uv_size": [1.25, 1.25]}
							}
						},
						{
							"origin": [3.5, 7, -7],
							"size": [0, 6, 5],
							"pivot": [-0.5, 8.49999, -4.0136],
							"rotation": [0, -45, 0],
							"uv": {
								"east": {"uv": [1.25, 7.5], "uv_size": [-1.25, 1.5]}
							}
						},
						{
							"origin": [-6, 23, -0.5],
							"size": [12, 1, 1],
							"uv": {
								"north": {"uv": [6.5, 0.25], "uv_size": [3, 0.25]},
								"east": {"uv": [6.25, 0.25], "uv_size": [0.25, 0.25]},
								"south": {"uv": [9.75, 0.25], "uv_size": [3, 0.25]},
								"west": {"uv": [9.5, 0.25], "uv_size": [0.25, 0.25]},
								"up": {"uv": [9.5, 0], "uv_size": [-3, 0.25]},
								"down": {"uv": [9.5, 0.25], "uv_size": [3, -0.25]}
							}
						},
						{
							"origin": [-6.5, 0, 0],
							"size": [12, 23, 0],
							"uv": {
								"north": {"uv": [0, 0], "uv_size": [3, 5.75]}
							}
						},
						{
							"origin": [-7.9, 0, -1],
							"size": [2, 25, 2],
							"uv": {
								"north": {"uv": [6.75, 6.25], "uv_size": [-0.5, 6.25]},
								"east": {"uv": [7.25, 6.25], "uv_size": [-0.5, 6.25]},
								"south": {"uv": [7.75, 6.25], "uv_size": [-0.5, 6.25]},
								"west": {"uv": [6.25, 6.25], "uv_size": [-0.5, 6.25]},
								"up": {"uv": [6.75, 5.75], "uv_size": [-0.5, 0.5]},
								"down": {"uv": [7.25, 6.25], "uv_size": [-0.5, -0.5]}
							}
						},
						{
							"origin": [5.9, 0, -1],
							"size": [2, 25, 2],
							"uv": {
								"north": {"uv": [6.25, 12.5], "uv_size": [0.5, -6.25]},
								"east": {"uv": [6.25, 6.25], "uv_size": [-0.5, 6.25]},
								"south": {"uv": [7.75, 12.5], "uv_size": [-0.5, -6.25]},
								"west": {"uv": [6.75, 6.25], "uv_size": [-0.5, 6.25]},
								"up": {"uv": [6.25, 5.75], "uv_size": [0.5, 0.5]},
								"down": {"uv": [6.75, 6.25], "uv_size": [0.5, -0.5]}
							}
						}
					]
				}
			]
		}
	]
}