{
	"format_version": "1.12.0",
	"minecraft:geometry": [
		{
			"description": {
				"identifier": "geometry.blocks.customcrops.garlic.stage_3_geo.soojcraft",
				"texture_width": 48,
				"texture_height": 32,
				"visible_bounds_width": 2,
				"visible_bounds_height": 1.5,
				"visible_bounds_offset": [0, 0.25, 0]
			},
			"bones": [
				{
					"name": "bone",
					"pivot": [8, 0, -8],
					"cubes": [
						{
							"origin": [4, 0, -8],
							"size": [0, 8, 8],
							"uv": {
								"west": {"uv": [0, 16], "uv_size": [16, 16]}
							}
						},
						{
							"origin": [0, 0, -4],
							"size": [8, 8, 0],
							"uv": {
								"north": {"uv": [0, 16], "uv_size": [16, 16]}
							}
						},
						{
							"origin": [0, 0, 4],
							"size": [8, 8, 0],
							"uv": {
								"south": {"uv": [0, 16], "uv_size": [16, 16]}
							}
						},
						{
							"origin": [-8, 0, 4],
							"size": [8, 8, 0],
							"uv": {
								"south": {"uv": [0, 16], "uv_size": [16, 16]}
							}
						},
						{
							"origin": [-8, 0, -4],
							"size": [8, 8, 0],
							"uv": {
								"north": {"uv": [0, 16], "uv_size": [16, 16]}
							}
						},
						{
							"origin": [4, 0, 0],
							"size": [0, 8, 8],
							"uv": {
								"west": {"uv": [0, 16], "uv_size": [16, 16]}
							}
						},
						{
							"origin": [-4, 0, 0],
							"size": [0, 8, 8],
							"uv": {
								"east": {"uv": [0, 16], "uv_size": [16, 16]}
							}
						},
						{
							"origin": [-4, 0, -8],
							"size": [0, 8, 8],
							"uv": {
								"east": {"uv": [0, 16], "uv_size": [16, 16]}
							}
						},
						{
							"origin": [3.5, -0.5, -4.5],
							"size": [1, 1, 1],
							"uv": {
								"north": {"uv": [4, 2], "uv_size": [1, 1]},
								"east": {"uv": [3, 2], "uv_size": [1, 1]},
								"south": {"uv": [3, 2], "uv_size": [1, 1]},
								"west": {"uv": [4, 3], "uv_size": [1, 1]},
								"up": {"uv": [4, 3], "uv_size": [-1, -1]},
								"down": {"uv": [5, 3], "uv_size": [-1, -1]}
							}
						},
						{
							"origin": [3.5, -0.5, 3.5],
							"size": [1, 1, 1],
							"uv": {
								"north": {"uv": [4, 2], "uv_size": [1, 1]},
								"east": {"uv": [3, 2], "uv_size": [1, 1]},
								"south": {"uv": [3, 2], "uv_size": [1, 1]},
								"west": {"uv": [4, 3], "uv_size": [1, 1]},
								"up": {"uv": [4, 3], "uv_size": [-1, -1]},
								"down": {"uv": [5, 3], "uv_size": [-1, -1]}
							}
						},
						{
							"origin": [-4.5, -0.5, 3.5],
							"size": [1, 1, 1],
							"uv": {
								"north": {"uv": [4, 2], "uv_size": [1, 1]},
								"east": {"uv": [3, 2], "uv_size": [1, 1]},
								"south": {"uv": [3, 2], "uv_size": [1, 1]},
								"west": {"uv": [4, 3], "uv_size": [1, 1]},
								"up": {"uv": [4, 3], "uv_size": [-1, -1]},
								"down": {"uv": [5, 3], "uv_size": [-1, -1]}
							}
						},
						{
							"origin": [-4.5, -0.5, -4.5],
							"size": [1, 1, 1],
							"uv": {
								"north": {"uv": [4, 2], "uv_size": [1, 1]},
								"east": {"uv": [3, 2], "uv_size": [1, 1]},
								"south": {"uv": [3, 2], "uv_size": [1, 1]},
								"west": {"uv": [4, 3], "uv_size": [1, 1]},
								"up": {"uv": [4, 3], "uv_size": [-1, -1]},
								"down": {"uv": [5, 3], "uv_size": [-1, -1]}
							}
						}
					]
				}
			]
		}
	]
}