{
	"format_version": "1.12.0",
	"minecraft:geometry": [
		{
			"description": {
				"identifier": "geometry.blocks.customcrops.apple.stage_6_geo.soojcraft",
				"texture_width": 48,
				"texture_height": 48,
				"visible_bounds_width": 4,
				"visible_bounds_height": 3.5,
				"visible_bounds_offset": [0, 1.25, 0]
			},
			"bones": [
				{
					"name": "bone",
					"pivot": [8, 0, -8],
					"cubes": [
						{
							"origin": [-1, 0, -1],
							"size": [2, 16, 2],
							"uv": {
								"north": {"uv": [37, 32], "uv_size": [2, 16]},
								"east": {"uv": [42, 32], "uv_size": [2, 16]},
								"south": {"uv": [43, 32], "uv_size": [2, 16]},
								"west": {"uv": [38, 32], "uv_size": [2, 16]},
								"up": {"uv": [34, 34], "uv_size": [-2, -2]},
								"down": {"uv": [34, 34], "uv_size": [-2, -2]}
							}
						},
						{
							"origin": [0, -3, 0],
							"size": [5, 2, 2],
							"pivot": [8, 0, -8],
							"rotation": [0, 0, 22.5],
							"uv": {
								"north": {"uv": [39, 37], "uv_size": [2, 5]},
								"east": {"uv": [32, 32], "uv_size": [2, 2]},
								"south": {"uv": [40, 42], "uv_size": [2, 5]},
								"west": {"uv": [32, 32], "uv_size": [2, 2]},
								"up": {"uv": [42, 42], "uv_size": [-2, -5]},
								"down": {"uv": [37, 34], "uv_size": [-5, -2]}
							}
						},
						{
							"origin": [-1, 0, 0],
							"size": [5, 1, 2],
							"pivot": [8, 0, -8],
							"rotation": [0, -22.5, 0],
							"uv": {
								"north": {"uv": [32, 32], "uv_size": [5, 1]},
								"east": {"uv": [32, 32], "uv_size": [2, 1]},
								"south": {"uv": [32, 32], "uv_size": [5, 1]},
								"west": {"uv": [32, 32], "uv_size": [2, 1]},
								"up": {"uv": [43, 44], "uv_size": [-2, -5]},
								"down": {"uv": [37, 34], "uv_size": [-5, -2]}
							}
						},
						{
							"origin": [-2, 3, -1],
							"size": [2, 2, 5],
							"pivot": [8, 0, -8],
							"rotation": [-22.5, 0, 0],
							"uv": {
								"north": {"uv": [32, 32], "uv_size": [2, 2]},
								"east": {"uv": [32, 32], "uv_size": [5, 2]},
								"south": {"uv": [32, 32], "uv_size": [2, 2]},
								"west": {"uv": [32, 32], "uv_size": [5, 2]},
								"up": {"uv": [34, 37], "uv_size": [-2, -5]},
								"down": {"uv": [34, 37], "uv_size": [-2, -5]}
							}
						},
						{
							"origin": [-4, 10, -11],
							"size": [10, 10, 10],
							"uv": {
								"north": {"uv": [0.99999, 3.99999], "uv_size": [10.00002, 10.00002]},
								"east": {"uv": [0, 0], "uv_size": [9.99999, 9.99999]},
								"south": {"uv": [0, 0], "uv_size": [9.99999, 9.99999]},
								"west": {"uv": [3.99999, 5.00001], "uv_size": [10.00002, 9.99999]},
								"up": {"uv": [9.99999, 9.99999], "uv_size": [-9.99999, -9.99999]},
								"down": {"uv": [9.99999, 9.99999], "uv_size": [-9.99999, -9.99999]}
							}
						},
						{
							"origin": [0, 11, -5],
							"size": [12, 12, 12],
							"uv": {
								"north": {"uv": [0, 0], "uv_size": [12, 12]},
								"east": {"uv": [0, 0], "uv_size": [12, 12]},
								"south": {"uv": [3, 2.00001], "uv_size": [12, 12]},
								"west": {"uv": [3.99999, 2.00001], "uv_size": [12, 12]},
								"up": {"uv": [15, 14.00001], "uv_size": [-12, -12]},
								"down": {"uv": [12, 12], "uv_size": [-12, -12]}
							}
						},
						{
							"origin": [-9, 15.17944, -8],
							"size": [12, 12, 12],
							"uv": {
								"north": {"uv": [0, 0], "uv_size": [12, 12]},
								"east": {"uv": [3, 3], "uv_size": [12, 12]},
								"south": {"uv": [3, 2.00001], "uv_size": [12, 12]},
								"west": {"uv": [0, 0], "uv_size": [12, 12]},
								"up": {"uv": [15.99999, 14.00001], "uv_size": [-12, -12]},
								"down": {"uv": [12, 12], "uv_size": [-12, -12]}
							}
						},
						{
							"origin": [-7, 10, 0],
							"size": [10, 10, 10],
							"uv": {
								"north": {"uv": [0, 0], "uv_size": [9.99999, 9.99999]},
								"east": {"uv": [3.99999, 3.99999], "uv_size": [10.00002, 10.00002]},
								"south": {"uv": [3.99999, 3.99999], "uv_size": [10.00002, 10.00002]},
								"west": {"uv": [0, 0], "uv_size": [9.99999, 9.99999]},
								"up": {"uv": [9.99999, 9.99999], "uv_size": [-9.99999, -9.99999]},
								"down": {"uv": [9.99999, 9.99999], "uv_size": [-9.99999, -9.99999]}
							}
						},
						{
							"origin": [-4, 9, 3],
							"size": [26, 19.17944, 0],
							"pivot": [8, 0, -8],
							"rotation": [0, -45, 0],
							"uv": {
								"north": {"uv": [0, 26.00001], "uv_size": [23.00001, 21.99999]}
							}
						},
						{
							"origin": [8, 9, -10],
							"size": [0, 19.17944, 26],
							"pivot": [8, 0, -8],
							"rotation": [0, -45, 0],
							"uv": {
								"west": {"uv": [0, 26.00001], "uv_size": [23.00001, 21.99999]}
							}
						},
						{
							"origin": [-3, 10.02566, -15.78391],
							"size": [0, 12.69814, 23.78391],
							"pivot": [8, 8, 0],
							"rotation": [-22.5, 0, 0],
							"uv": {
								"west": {"uv": [23.00001, 26.00001], "uv_size": [-23.00001, 21.99999]}
							}
						},
						{
							"origin": [-14.95405, 1.3934, -2],
							"size": [15.27385, 13.84744, 0],
							"pivot": [8, 4, -8],
							"rotation": [0, 0, 45],
							"uv": {
								"south": {"uv": [0, 24.99999], "uv_size": [23.00001, 23.00001]}
							}
						},
						{
							"origin": [10.5, 15, -1.5],
							"size": [0, 1, 1],
							"pivot": [12, 13.5, -1],
							"rotation": [0, 45, 0],
							"uv": {
								"north": {"uv": [0, 0], "uv_size": [0, 2.00001]}
							}
						},
						{
							"origin": [12, 14, 0],
							"size": [0, 1, 1],
							"pivot": [12, 12.5, -1],
							"rotation": [0, -45, 0],
							"uv": {
								"west": {"uv": [36.99999, 0], "uv_size": [2.00001, 2.00001]}
							}
						},
						{
							"origin": [9.5, 9.6, -1.5],
							"size": [3, 3, 3],
							"uv": {
								"north": {"uv": [41.49999, 5.49999], "uv_size": [3, 3]},
								"east": {"uv": [42.99999, 5.49999], "uv_size": [3, 3]},
								"south": {"uv": [37.5, 5.49999], "uv_size": [3, 3]},
								"west": {"uv": [36.99999, 5.49999], "uv_size": [3, 3]},
								"up": {"uv": [42.50001, 5.00001], "uv_size": [3, 3]},
								"down": {"uv": [42, 5.00001], "uv_size": [3, -3]}
							}
						},
						{
							"origin": [9, 11, -2],
							"size": [4, 3, 4],
							"uv": {
								"north": {"uv": [42.24999, 0.99999], "uv_size": [4.00002, 3]},
								"east": {"uv": [42.24999, 0.99999], "uv_size": [4.00002, 3]},
								"south": {"uv": [42.24999, 0.99999], "uv_size": [4.00002, 3]},
								"west": {"uv": [42.24999, 0.99999], "uv_size": [4.00002, 3]},
								"up": {"uv": [42.24999, 5.00001], "uv_size": [4.00002, 3.99999]},
								"down": {"uv": [38.00001, 6.99999], "uv_size": [3.99999, -3.99999]}
							}
						},
						{
							"origin": [-4.5, 6.6, 4.5],
							"size": [3, 3, 3],
							"uv": {
								"north": {"uv": [41.49999, 5.49999], "uv_size": [3, 3]},
								"east": {"uv": [42.99999, 5.49999], "uv_size": [3, 3]},
								"south": {"uv": [37.5, 5.49999], "uv_size": [3, 3]},
								"west": {"uv": [36.99999, 5.49999], "uv_size": [3, 3]},
								"up": {"uv": [42.50001, 5.00001], "uv_size": [3, 3]},
								"down": {"uv": [42, 5.00001], "uv_size": [3, -3]}
							}
						},
						{
							"origin": [-2, 11, 6],
							"size": [0, 1, 1],
							"pivot": [-2, 9.5, 5],
							"rotation": [0, -45, 0],
							"uv": {
								"west": {"uv": [36.99999, 0], "uv_size": [2.00001, 2.00001]}
							}
						},
						{
							"origin": [-3.5, 11, 4.5],
							"size": [0, 1, 1],
							"pivot": [-2, 9.5, 5],
							"rotation": [0, 45, 0],
							"uv": {
								"east": {"uv": [36.99999, 0], "uv_size": [2.00001, 2.00001]}
							}
						},
						{
							"origin": [-5, 8, 4],
							"size": [4, 3, 4],
							"uv": {
								"north": {"uv": [42.24999, 0.99999], "uv_size": [4.00002, 3]},
								"east": {"uv": [42.24999, 0.99999], "uv_size": [4.00002, 3]},
								"south": {"uv": [42.24999, 0.99999], "uv_size": [4.00002, 3]},
								"west": {"uv": [42.24999, 0.99999], "uv_size": [4.00002, 3]},
								"up": {"uv": [42.24999, 5.00001], "uv_size": [4.00002, 3.99999]},
								"down": {"uv": [38.00001, 6.99999], "uv_size": [3.99999, -3.99999]}
							}
						},
						{
							"origin": [-10.5, 13.6, 1.25],
							"size": [3, 3, 3],
							"uv": {
								"north": {"uv": [41.49999, 5.49999], "uv_size": [3, 3]},
								"east": {"uv": [42.99999, 5.49999], "uv_size": [3, 3]},
								"south": {"uv": [37.5, 5.49999], "uv_size": [3, 3]},
								"west": {"uv": [36.99999, 5.49999], "uv_size": [3, 3]},
								"up": {"uv": [42.50001, 5.00001], "uv_size": [3, 3]},
								"down": {"uv": [42, 5.00001], "uv_size": [3, -3]}
							}
						},
						{
							"origin": [-8, 18, 2.75],
							"size": [0, 1, 1],
							"pivot": [-8, 19.5, 1.75],
							"rotation": [0, -45, 0],
							"uv": {
								"east": {"uv": [36.99999, 0], "uv_size": [2.00001, 2.00001]}
							}
						},
						{
							"origin": [-9.5, 18, 1.25],
							"size": [0, 1, 1],
							"pivot": [-8, 16.5, 1.75],
							"rotation": [0, 45, 0],
							"uv": {
								"east": {"uv": [36.99999, 0], "uv_size": [2.00001, 2.00001]}
							}
						},
						{
							"origin": [-11, 15, 0.75],
							"size": [4, 3, 4],
							"uv": {
								"north": {"uv": [42.24999, 0.99999], "uv_size": [4.00002, 3]},
								"east": {"uv": [42.24999, 0.99999], "uv_size": [4.00002, 3]},
								"south": {"uv": [42.24999, 0.99999], "uv_size": [4.00002, 3]},
								"west": {"uv": [42.24999, 0.99999], "uv_size": [4.00002, 3]},
								"up": {"uv": [42.24999, 5.00001], "uv_size": [4.00002, 3.99999]},
								"down": {"uv": [38.00001, 6.99999], "uv_size": [3.99999, -3.99999]}
							}
						},
						{
							"origin": [-4.5, 17.6, -11.75],
							"size": [3, 3, 3],
							"uv": {
								"north": {"uv": [41.49999, 5.49999], "uv_size": [3, 3]},
								"east": {"uv": [42.99999, 5.49999], "uv_size": [3, 3]},
								"south": {"uv": [37.5, 5.49999], "uv_size": [3, 3]},
								"west": {"uv": [36.99999, 5.49999], "uv_size": [3, 3]},
								"up": {"uv": [42.50001, 5.00001], "uv_size": [3, 3]},
								"down": {"uv": [42, 5.00001], "uv_size": [3, -3]}
							}
						},
						{
							"origin": [-2, 22, -10.25],
							"size": [0, 1, 1],
							"pivot": [-2, 20.5, -11.25],
							"rotation": [0, -45, 0],
							"uv": {
								"east": {"uv": [36.99999, 0], "uv_size": [2.00001, 2.00001]}
							}
						},
						{
							"origin": [-3.5, 22, -11.75],
							"size": [0, 1, 1],
							"pivot": [-2, 20.5, -11.25],
							"rotation": [0, 45, 0],
							"uv": {
								"west": {"uv": [36.99999, 0], "uv_size": [2.00001, 2.00001]}
							}
						},
						{
							"origin": [-5, 19, -12.25],
							"size": [4, 3, 4],
							"uv": {
								"north": {"uv": [42.24999, 0.99999], "uv_size": [4.00002, 3]},
								"east": {"uv": [42.24999, 0.99999], "uv_size": [4.00002, 3]},
								"south": {"uv": [42.24999, 0.99999], "uv_size": [4.00002, 3]},
								"west": {"uv": [42.24999, 0.99999], "uv_size": [4.00002, 3]},
								"up": {"uv": [42.24999, 5.00001], "uv_size": [4.00002, 3.99999]},
								"down": {"uv": [38.00001, 6.99999], "uv_size": [3.99999, -3.99999]}
							}
						}
					]
				}
			]
		}
	]
}