{
	"format_version": "1.12.0",
	"minecraft:geometry": [
		{
			"description": {
				"identifier": "geometry.blocks.customcrops.apple.stage_1_geo.soojcraft",
				"texture_width": 48,
				"texture_height": 48,
				"visible_bounds_width": 2,
				"visible_bounds_height": 2.5,
				"visible_bounds_offset": [0, 0.75, 0]
			},
			"bones": [
				{
					"name": "bone",
					"pivot": [8, 0, -8],
					"cubes": [
						{
							"origin": [-0.5, 0.5, -0.375],
							"size": [1, 5.5, 1],
							"uv": {
								"north": {"uv": [42, 39], "uv_size": [-1, 5.5]},
								"east": {"uv": [43, 32], "uv_size": [-1, 5.5]},
								"south": {"uv": [44, 35], "uv_size": [-1, 5.5]},
								"west": {"uv": [35, 40], "uv_size": [-1, 5.5]},
								"up": {"uv": [32, 33], "uv_size": [1, -1]},
								"down": {"uv": [32, 33], "uv_size": [1, -1]}
							}
						},
						{
							"origin": [0, -1, 0],
							"size": [2.5, 1, 1],
							"pivot": [4, 0.5, -4],
							"rotation": [0, 0, 22.5],
							"uv": {
								"north": {"uv": [39, 37], "uv_size": [1, 2.5]},
								"east": {"uv": [32, 32], "uv_size": [1, 1]},
								"south": {"uv": [40, 42], "uv_size": [1, 2.5]},
								"west": {"uv": [32, 32], "uv_size": [1, 1]},
								"up": {"uv": [41, 39.5], "uv_size": [-1, -2.5]},
								"down": {"uv": [34.5, 33], "uv_size": [-2.5, -1]}
							}
						},
						{
							"origin": [-0.5, 0.5, 0],
							"size": [2.5, 0.5, 1],
							"pivot": [4, 0.5, -4],
							"rotation": [0, -22.5, 0],
							"uv": {
								"north": {"uv": [32, 32], "uv_size": [2.5, 0.5]},
								"east": {"uv": [32, 32], "uv_size": [1, 0.5]},
								"south": {"uv": [32, 32], "uv_size": [2.5, 0.5]},
								"west": {"uv": [32, 32], "uv_size": [1, 0.5]},
								"up": {"uv": [42, 41.5], "uv_size": [-1, -2.5]},
								"down": {"uv": [34.5, 33], "uv_size": [-2.5, -1]}
							}
						},
						{
							"origin": [-1, 2, -0.5],
							"size": [1, 1, 2.5],
							"pivot": [4, 0.5, -4],
							"rotation": [-22.5, 0, 0],
							"uv": {
								"north": {"uv": [32, 32], "uv_size": [1, 1]},
								"east": {"uv": [32, 32], "uv_size": [2.5, 1]},
								"south": {"uv": [32, 32], "uv_size": [1, 1]},
								"west": {"uv": [32, 32], "uv_size": [2.5, 1]},
								"up": {"uv": [33, 34.5], "uv_size": [-1, -2.5]},
								"down": {"uv": [33, 34.5], "uv_size": [-1, -2.5]}
							}
						},
						{
							"origin": [0, 3.5, -3],
							"size": [0, 7, 7],
							"uv": {
								"east": {"uv": [5.00001, 41.00001], "uv_size": [6.99999, 6.99999]}
							}
						},
						{
							"origin": [-3.5, 2.5, 0],
							"size": [7, 7, 0],
							"uv": {
								"north": {"uv": [15, 35.00001], "uv_size": [6.99999, -7.00002]}
							}
						}
					]
				}
			]
		}
	]
}