{
	"format_version": "1.12.0",
	"minecraft:geometry": [
		{
			"description": {
				"identifier": "geometry.blocks.customcrops.apple.stage_3_geo.soojcraft",
				"texture_width": 48,
				"texture_height": 48,
				"visible_bounds_width": 3,
				"visible_bounds_height": 3.5,
				"visible_bounds_offset": [0, 1.25, 0]
			},
			"bones": [
				{
					"name": "bone",
					"pivot": [8, 0, -8],
					"cubes": [
						{
							"origin": [-1, 0, -1],
							"size": [2, 16, 2],
							"uv": {
								"north": {"uv": [37, 32], "uv_size": [2, 16]},
								"east": {"uv": [42, 32], "uv_size": [2, 16]},
								"south": {"uv": [43, 32], "uv_size": [2, 16]},
								"west": {"uv": [38, 32], "uv_size": [2, 16]},
								"up": {"uv": [34, 34], "uv_size": [-2, -2]},
								"down": {"uv": [34, 34], "uv_size": [-2, -2]}
							}
						},
						{
							"origin": [0, -3, 0],
							"size": [5, 2, 2],
							"pivot": [8, 0, -8],
							"rotation": [0, 0, 22.5],
							"uv": {
								"north": {"uv": [39, 37], "uv_size": [2, 5]},
								"east": {"uv": [32, 32], "uv_size": [2, 2]},
								"south": {"uv": [40, 42], "uv_size": [2, 5]},
								"west": {"uv": [32, 32], "uv_size": [2, 2]},
								"up": {"uv": [42, 42], "uv_size": [-2, -5]},
								"down": {"uv": [37, 34], "uv_size": [-5, -2]}
							}
						},
						{
							"origin": [-1, 0, 0],
							"size": [5, 1, 2],
							"pivot": [8, 0, -8],
							"rotation": [0, -22.5, 0],
							"uv": {
								"north": {"uv": [32, 32], "uv_size": [5, 1]},
								"east": {"uv": [32, 32], "uv_size": [2, 1]},
								"south": {"uv": [32, 32], "uv_size": [5, 1]},
								"west": {"uv": [32, 32], "uv_size": [2, 1]},
								"up": {"uv": [43, 44], "uv_size": [-2, -5]},
								"down": {"uv": [37, 34], "uv_size": [-5, -2]}
							}
						},
						{
							"origin": [-2, 3, -1],
							"size": [2, 2, 5],
							"pivot": [8, 0, -8],
							"rotation": [-22.5, 0, 0],
							"uv": {
								"north": {"uv": [32, 32], "uv_size": [2, 2]},
								"east": {"uv": [32, 32], "uv_size": [5, 2]},
								"south": {"uv": [32, 32], "uv_size": [2, 2]},
								"west": {"uv": [32, 32], "uv_size": [5, 2]},
								"up": {"uv": [34, 37], "uv_size": [-2, -5]},
								"down": {"uv": [34, 37], "uv_size": [-2, -5]}
							}
						},
						{
							"origin": [-4, 14, -11],
							"size": [10, 10, 10],
							"uv": {
								"north": {"uv": [0.99999, 3.99999], "uv_size": [10.00002, 10.00002]},
								"east": {"uv": [0, 0], "uv_size": [9.99999, 9.99999]},
								"south": {"uv": [0, 0], "uv_size": [9.99999, 9.99999]},
								"west": {"uv": [3.99999, 5.00001], "uv_size": [10.00002, 9.99999]},
								"up": {"uv": [9.99999, 9.99999], "uv_size": [-9.99999, -9.99999]},
								"down": {"uv": [9.99999, 9.99999], "uv_size": [-9.99999, -9.99999]}
							}
						},
						{
							"origin": [-7, 13, 0],
							"size": [10, 10, 10],
							"uv": {
								"north": {"uv": [0, 0], "uv_size": [9.99999, 9.99999]},
								"east": {"uv": [3.99999, 3.99999], "uv_size": [10.00002, 10.00002]},
								"south": {"uv": [3.99999, 3.99999], "uv_size": [10.00002, 10.00002]},
								"west": {"uv": [0, 0], "uv_size": [9.99999, 9.99999]},
								"up": {"uv": [9.99999, 9.99999], "uv_size": [-9.99999, -9.99999]},
								"down": {"uv": [9.99999, 9.99999], "uv_size": [-9.99999, -9.99999]}
							}
						},
						{
							"origin": [8, 7.17944, -12],
							"size": [0, 21, 26],
							"pivot": [8, 0, -8],
							"rotation": [0, -45, 0],
							"uv": {
								"east": {"uv": [0, 24.99999], "uv_size": [26.00001, 23.00001]}
							}
						},
						{
							"origin": [3, 7.17944, -21],
							"size": [0, 21, 26],
							"pivot": [8, 9, 0],
							"rotation": [0, 45, 0],
							"uv": {
								"west": {"uv": [26.00001, 24.99999], "uv_size": [-26.00001, 23.00001]}
							}
						}
					]
				}
			]
		}
	]
}