{
	"format_version": "1.12.0",
	"minecraft:geometry": [
		{
			"description": {
				"identifier": "geometry.blocks.customcrops.apple.stage_5_geo.soojcraft",
				"texture_width": 48,
				"texture_height": 48,
				"visible_bounds_width": 4,
				"visible_bounds_height": 3.5,
				"visible_bounds_offset": [0, 1.25, 0]
			},
			"bones": [
				{
					"name": "bone",
					"pivot": [8, 0, -8],
					"cubes": [
						{
							"origin": [-1, 0, -1],
							"size": [2, 16, 2],
							"uv": {
								"north": {"uv": [37, 32], "uv_size": [2, 16]},
								"east": {"uv": [42, 32], "uv_size": [2, 16]},
								"south": {"uv": [43, 32], "uv_size": [2, 16]},
								"west": {"uv": [38, 32], "uv_size": [2, 16]},
								"up": {"uv": [34, 34], "uv_size": [-2, -2]},
								"down": {"uv": [34, 34], "uv_size": [-2, -2]}
							}
						},
						{
							"origin": [0, -3, 0],
							"size": [5, 2, 2],
							"pivot": [8, 0, -8],
							"rotation": [0, 0, 22.5],
							"uv": {
								"north": {"uv": [39, 37], "uv_size": [2, 5]},
								"east": {"uv": [32, 32], "uv_size": [2, 2]},
								"south": {"uv": [40, 42], "uv_size": [2, 5]},
								"west": {"uv": [32, 32], "uv_size": [2, 2]},
								"up": {"uv": [42, 42], "uv_size": [-2, -5]},
								"down": {"uv": [37, 34], "uv_size": [-5, -2]}
							}
						},
						{
							"origin": [-1, 0, 0],
							"size": [5, 1, 2],
							"pivot": [8, 0, -8],
							"rotation": [0, -22.5, 0],
							"uv": {
								"north": {"uv": [32, 32], "uv_size": [5, 1]},
								"east": {"uv": [32, 32], "uv_size": [2, 1]},
								"south": {"uv": [32, 32], "uv_size": [5, 1]},
								"west": {"uv": [32, 32], "uv_size": [2, 1]},
								"up": {"uv": [43, 44], "uv_size": [-2, -5]},
								"down": {"uv": [37, 34], "uv_size": [-5, -2]}
							}
						},
						{
							"origin": [-2, 3, -1],
							"size": [2, 2, 5],
							"pivot": [8, 0, -8],
							"rotation": [-22.5, 0, 0],
							"uv": {
								"north": {"uv": [32, 32], "uv_size": [2, 2]},
								"east": {"uv": [32, 32], "uv_size": [5, 2]},
								"south": {"uv": [32, 32], "uv_size": [2, 2]},
								"west": {"uv": [32, 32], "uv_size": [5, 2]},
								"up": {"uv": [34, 37], "uv_size": [-2, -5]},
								"down": {"uv": [34, 37], "uv_size": [-2, -5]}
							}
						},
						{
							"origin": [-4, 11, -11],
							"size": [10, 10, 10],
							"uv": {
								"north": {"uv": [0.99999, 3.99999], "uv_size": [10.00002, 10.00002]},
								"east": {"uv": [0, 0], "uv_size": [9.99999, 9.99999]},
								"south": {"uv": [0, 0], "uv_size": [9.99999, 9.99999]},
								"west": {"uv": [3.99999, 5.00001], "uv_size": [10.00002, 9.99999]},
								"up": {"uv": [9.99999, 9.99999], "uv_size": [-9.99999, -9.99999]},
								"down": {"uv": [9.99999, 9.99999], "uv_size": [-9.99999, -9.99999]}
							}
						},
						{
							"origin": [0, 12, -5],
							"size": [12, 12, 12],
							"uv": {
								"north": {"uv": [0, 0], "uv_size": [12, 12]},
								"east": {"uv": [0, 0], "uv_size": [12, 12]},
								"south": {"uv": [3, 2.00001], "uv_size": [12, 12]},
								"west": {"uv": [3.99999, 2.00001], "uv_size": [12, 12]},
								"up": {"uv": [15, 14.00001], "uv_size": [-12, -12]},
								"down": {"uv": [12, 12], "uv_size": [-12, -12]}
							}
						},
						{
							"origin": [-9, 14.17944, -8],
							"size": [12, 12, 12],
							"uv": {
								"north": {"uv": [0, 0], "uv_size": [12, 12]},
								"east": {"uv": [3, 3], "uv_size": [12, 12]},
								"south": {"uv": [3, 2.00001], "uv_size": [12, 12]},
								"west": {"uv": [0, 0], "uv_size": [12, 12]},
								"up": {"uv": [15.99999, 14.00001], "uv_size": [-12, -12]},
								"down": {"uv": [12, 12], "uv_size": [-12, -12]}
							}
						},
						{
							"origin": [-7, 9, 0],
							"size": [10, 10, 10],
							"uv": {
								"north": {"uv": [0, 0], "uv_size": [9.99999, 9.99999]},
								"east": {"uv": [3.99999, 3.99999], "uv_size": [10.00002, 10.00002]},
								"south": {"uv": [3.99999, 3.99999], "uv_size": [10.00002, 10.00002]},
								"west": {"uv": [0, 0], "uv_size": [9.99999, 9.99999]},
								"up": {"uv": [9.99999, 9.99999], "uv_size": [-9.99999, -9.99999]},
								"down": {"uv": [9.99999, 9.99999], "uv_size": [-9.99999, -9.99999]}
							}
						},
						{
							"origin": [-7, 8, 3],
							"size": [26, 19.17944, 0],
							"pivot": [8, -1, -8],
							"rotation": [0, -45, 0],
							"uv": {
								"north": {"uv": [26.00001, 24.99999], "uv_size": [-26.00001, 23.00001]}
							}
						},
						{
							"origin": [8, 8, -10],
							"size": [0, 19.17944, 26],
							"pivot": [8, -1, -8],
							"rotation": [0, -45, 0],
							"uv": {
								"west": {"uv": [0, 26.00001], "uv_size": [23.00001, 21.99999]}
							}
						},
						{
							"origin": [-3, 10.02566, -15.78391],
							"size": [0, 12.69814, 23.78391],
							"pivot": [8, 8, 0],
							"rotation": [-22.5, 0, 0],
							"uv": {
								"west": {"uv": [23.00001, 26.00001], "uv_size": [-23.00001, 21.99999]}
							}
						},
						{
							"origin": [-14.09744, 1.21857, -2],
							"size": [15.87887, 13.87887, 0],
							"pivot": [8, 3, -8],
							"rotation": [0, 0, 45],
							"uv": {
								"north": {"uv": [0, 24.99999], "uv_size": [24.99999, 23.00001]},
								"east": {"uv": [0, 0], "uv_size": [0, 18]},
								"south": {"uv": [0, 24.99999], "uv_size": [23.00001, 23.00001]},
								"west": {"uv": [0, 0], "uv_size": [0, 18]},
								"up": {"uv": [18, 0], "uv_size": [-18, 0]},
								"down": {"uv": [18, 0], "uv_size": [-18, 0]}
							}
						},
						{
							"origin": [3, 16, -11.25],
							"size": [3, 3, 0],
							"uv": {
								"north": {"uv": [21, 0], "uv_size": [3, 3]}
							}
						},
						{
							"origin": [8, 16, 16.25],
							"size": [3, 3, 0],
							"pivot": [8, -1, -8],
							"rotation": [0, -45, 0],
							"uv": {
								"south": {"uv": [21, 0], "uv_size": [3, 3]}
							}
						},
						{
							"origin": [3, 18, 7.25],
							"size": [3, 3, 0],
							"uv": {
								"south": {"uv": [21, 0], "uv_size": [3, 3]}
							}
						},
						{
							"origin": [-7.75, 24, -2],
							"size": [0, 3, 3],
							"pivot": [8, -1, -8],
							"rotation": [0, -22.5, 0],
							"uv": {
								"east": {"uv": [21, 0], "uv_size": [3, 3]}
							}
						},
						{
							"origin": [16.25, 21, -2],
							"size": [0, 3, 3],
							"pivot": [8, -1, -8],
							"rotation": [0, -22.5, 0],
							"uv": {
								"west": {"uv": [27, 0], "uv_size": [3, 3]}
							}
						},
						{
							"origin": [-9, 26.17944, -1],
							"size": [3, 0, 3],
							"uv": {
								"up": {"uv": [30, 3], "uv_size": [-3, -3]}
							}
						},
						{
							"origin": [7, 21.42888, 2.65988],
							"size": [3, 0, 3],
							"pivot": [8, -1, -8],
							"rotation": [22.5, 0, 0],
							"uv": {
								"up": {"uv": [30, 3], "uv_size": [-3, -3]}
							}
						},
						{
							"origin": [9, 5.25, 9],
							"size": [3, 0, 3],
							"pivot": [8, -1, -8],
							"rotation": [22.5, 0, 0],
							"uv": {
								"down": {"uv": [36, 3], "uv_size": [-3, -3]}
							}
						},
						{
							"origin": [-5, 1.25, 11],
							"size": [3, 0, 3],
							"pivot": [8, -1, -8],
							"rotation": [22.5, 0, 0],
							"uv": {
								"down": {"uv": [36, 3], "uv_size": [-3, -3]}
							}
						},
						{
							"origin": [19, 6.25, -3],
							"size": [3, 0, 3],
							"pivot": [8, -1, -8],
							"rotation": [0, 0, -45],
							"uv": {
								"down": {"uv": [36, 3], "uv_size": [-3, -3]}
							}
						}
					]
				}
			]
		}
	]
}