{
	"format_version": "1.12.0",
	"minecraft:geometry": [
		{
			"description": {
				"identifier": "geometry.blocks.customcrops.apple.stage_2_geo.soojcraft",
				"texture_width": 48,
				"texture_height": 48,
				"visible_bounds_width": 2,
				"visible_bounds_height": 2.5,
				"visible_bounds_offset": [0, 0.75, 0]
			},
			"bones": [
				{
					"name": "bone",
					"pivot": [8, 0, -8],
					"cubes": [
						{
							"origin": [-1, 0, -0.75],
							"size": [2, 11, 2],
							"uv": {
								"north": {"uv": [39, 32], "uv_size": [-2, 11]},
								"east": {"uv": [44, 32], "uv_size": [-2, 11]},
								"south": {"uv": [45, 32], "uv_size": [-2, 11]},
								"west": {"uv": [40, 32], "uv_size": [-2, 11]},
								"up": {"uv": [32, 34], "uv_size": [2, -2]},
								"down": {"uv": [32, 34], "uv_size": [2, -2]}
							}
						},
						{
							"origin": [0, -3, 0],
							"size": [5, 2, 2],
							"pivot": [8, 0, -8],
							"rotation": [0, 0, 22.5],
							"uv": {
								"north": {"uv": [39, 37], "uv_size": [2, 5]},
								"east": {"uv": [32, 32], "uv_size": [2, 2]},
								"south": {"uv": [40, 42], "uv_size": [2, 5]},
								"west": {"uv": [32, 32], "uv_size": [2, 2]},
								"up": {"uv": [42, 42], "uv_size": [-2, -5]},
								"down": {"uv": [37, 34], "uv_size": [-5, -2]}
							}
						},
						{
							"origin": [-1, 0, 0],
							"size": [5, 1, 2],
							"pivot": [8, 0, -8],
							"rotation": [0, -22.5, 0],
							"uv": {
								"north": {"uv": [32, 32], "uv_size": [5, 1]},
								"east": {"uv": [32, 32], "uv_size": [2, 1]},
								"south": {"uv": [32, 32], "uv_size": [5, 1]},
								"west": {"uv": [32, 32], "uv_size": [2, 1]},
								"up": {"uv": [43, 44], "uv_size": [-2, -5]},
								"down": {"uv": [37, 34], "uv_size": [-5, -2]}
							}
						},
						{
							"origin": [-2, 3, -1],
							"size": [2, 2, 5],
							"pivot": [8, 0, -8],
							"rotation": [-22.5, 0, 0],
							"uv": {
								"north": {"uv": [32, 32], "uv_size": [2, 2]},
								"east": {"uv": [32, 32], "uv_size": [5, 2]},
								"south": {"uv": [32, 32], "uv_size": [2, 2]},
								"west": {"uv": [32, 32], "uv_size": [5, 2]},
								"up": {"uv": [34, 37], "uv_size": [-2, -5]},
								"down": {"uv": [34, 37], "uv_size": [-2, -5]}
							}
						},
						{
							"origin": [2, 6, 0],
							"size": [5, 5, 5],
							"uv": {
								"north": {"uv": [0.99999, 3.99999], "uv_size": [5.00001, 5.00001]},
								"east": {"uv": [0, 0], "uv_size": [5.00001, 5.00001]},
								"south": {"uv": [0, 0], "uv_size": [5.00001, 5.00001]},
								"west": {"uv": [3.99999, 5.00001], "uv_size": [5.00001, 5.00001]},
								"up": {"uv": [5.00001, 5.00001], "uv_size": [-5.00001, -5.00001]},
								"down": {"uv": [5.00001, 5.00001], "uv_size": [-5.00001, -5.00001]}
							}
						},
						{
							"origin": [-5, 8, -7],
							"size": [10, 10, 10],
							"uv": {
								"north": {"uv": [0.99999, 3.99999], "uv_size": [10.00002, 10.00002]},
								"east": {"uv": [0, 0], "uv_size": [9.99999, 9.99999]},
								"south": {"uv": [0, 0], "uv_size": [9.99999, 9.99999]},
								"west": {"uv": [3.99999, 5.00001], "uv_size": [10.00002, 9.99999]},
								"up": {"uv": [9.99999, 9.99999], "uv_size": [-9.99999, -9.99999]},
								"down": {"uv": [9.99999, 9.99999], "uv_size": [-9.99999, -9.99999]}
							}
						},
						{
							"origin": [-7, 7, 1],
							"size": [6, 6, 6],
							"uv": {
								"north": {"uv": [0.99999, 3.99999], "uv_size": [6, 6]},
								"east": {"uv": [0, 0], "uv_size": [6, 6]},
								"south": {"uv": [0, 0], "uv_size": [6, 6]},
								"west": {"uv": [7.99998, 8.00001], "uv_size": [6, 6]},
								"up": {"uv": [6, 6], "uv_size": [-6, -6]},
								"down": {"uv": [6, 6], "uv_size": [-6, -6]}
							}
						}
					]
				}
			]
		}
	]
}