{
	"format_version": "1.12.0",
	"minecraft:geometry": [
		{
			"description": {
				"identifier": "geometry.blocks.customcrops.grape.stage_5_geo.soojcraft",
				"texture_width": 16,
				"texture_height": 16,
				"visible_bounds_width": 2,
				"visible_bounds_height": 3.5,
				"visible_bounds_offset": [0, 1.25, 0]
			},
			"bones": [
				{
					"name": "bb_main",
					"pivot": [0, 0, 0],
					"cubes": [
						{
							"origin": [6.8084, 31.53743, -2],
							"size": [3, 0, 3],
							"pivot": [8, 0, -8],
							"rotation": [0, 0, -22.5],
							"uv": {
								"up": {"uv": [8.33333, 6.66667], "uv_size": [-1, -1]}
							}
						},
						{
							"origin": [-4, 26, -11],
							"size": [3, 3, 0],
							"pivot": [8, 0, -8],
							"rotation": [0, 22.5, 0],
							"uv": {
								"north": {"uv": [5.66667, 5.66667], "uv_size": [1, 1]}
							}
						},
						{
							"origin": [0, 13, -8],
							"size": [3, 0, 3],
							"pivot": [8, 0, -8],
							"rotation": [0, 0, 22.5],
							"uv": {
								"up": {"uv": [10, 6.66667], "uv_size": [-1, -1]}
							}
						},
						{
							"origin": [-2, 26.82883, 0],
							"size": [0, 3, 3],
							"uv": {
								"west": {"uv": [9, 5.66667], "uv_size": [1, 1]}
							}
						},
						{
							"origin": [2, 26.82883, -4],
							"size": [0, 3, 3],
							"uv": {
								"west": {"uv": [5.66667, 5.66667], "uv_size": [1, 1]}
							}
						},
						{
							"origin": [9, 26.82883, 1],
							"size": [0, 3, 3],
							"pivot": [8, 0, -8],
							"rotation": [0, -22.5, 0],
							"uv": {
								"east": {"uv": [5.66667, 5.66667], "uv_size": [1, 1]}
							}
						},
						{
							"origin": [17, 18, 2],
							"size": [0, 3, 3],
							"pivot": [8, 0, -8],
							"rotation": [0, -45, 0],
							"uv": {
								"west": {"uv": [7.33333, 5.66667], "uv_size": [1, 1]}
							}
						},
						{
							"origin": [1, 18, 7],
							"size": [0, 3, 3],
							"pivot": [8, 0, -8],
							"rotation": [0, -22.5, 0],
							"uv": {
								"west": {"uv": [5.66667, 5.66667], "uv_size": [1, 1]}
							}
						}
					]
				},
				{
					"name": "bone",
					"pivot": [8, 0, -8],
					"cubes": [
						{
							"origin": [-8, 28.25, -6.25],
							"size": [16, 1, 1],
							"uv": {
								"north": {"uv": [10.66667, 11.66667], "uv_size": [5.33333, 0.33333]},
								"east": {"uv": [13.66667, 12.33333], "uv_size": [0.33333, 0.33333]},
								"south": {"uv": [10.66667, 10.66667], "uv_size": [5.33333, 0.33333]},
								"west": {"uv": [11, 13], "uv_size": [0.33333, 0.33333]},
								"up": {"uv": [16, 13], "uv_size": [-5.33333, -0.33333]},
								"down": {"uv": [16, 13.66667], "uv_size": [-5.33333, -0.33333]}
							}
						},
						{
							"origin": [-8, 28.8, -8],
							"size": [16, 0, 16],
							"uv": {
								"north": {"uv": [0, 0], "uv_size": [0, 0]},
								"east": {"uv": [0, 0], "uv_size": [0, 0]},
								"south": {"uv": [0, 0], "uv_size": [0, 0]},
								"west": {"uv": [0, 0], "uv_size": [0, 0]},
								"up": {"uv": [5.33333, 10.66667], "uv_size": [-5.33333, -5.33333]},
								"down": {"uv": [0, 0], "uv_size": [0, 0]}
							}
						},
						{
							"origin": [-6, 13.78521, 5],
							"size": [1, 16, 1],
							"uv": {
								"north": {"uv": [9.33333, 10.66667], "uv_size": [0.33333, 5.33333]},
								"east": {"uv": [8.33333, 10.66667], "uv_size": [0.33333, 5.33333]},
								"south": {"uv": [10.33333, 10.66667], "uv_size": [0.33333, 5.33333]},
								"west": {"uv": [7.66667, 10.66667], "uv_size": [0.33333, 5.33333]},
								"up": {"uv": [8.33333, 11.33333], "uv_size": [-0.33333, -0.33333]},
								"down": {"uv": [9, 14], "uv_size": [-0.33333, -0.33333]}
							}
						},
						{
							"origin": [-6, 0, -6],
							"size": [1, 16, 1],
							"uv": {
								"north": {"uv": [9.33333, 10.66667], "uv_size": [0.33333, 5.33333]},
								"east": {"uv": [8.33333, 10.66667], "uv_size": [0.33333, 5.33333]},
								"south": {"uv": [10.33333, 10.66667], "uv_size": [0.33333, 5.33333]},
								"west": {"uv": [7.66667, 10.66667], "uv_size": [0.33333, 5.33333]},
								"up": {"uv": [8.33333, 11.33333], "uv_size": [-0.33333, -0.33333]},
								"down": {"uv": [9, 14], "uv_size": [-0.33333, -0.33333]}
							}
						},
						{
							"origin": [-6, 13.78521, -6],
							"size": [1, 16, 1],
							"uv": {
								"north": {"uv": [9.33333, 10.66667], "uv_size": [0.33333, 5.33333]},
								"east": {"uv": [8.33333, 10.66667], "uv_size": [0.33333, 5.33333]},
								"south": {"uv": [10.33333, 10.66667], "uv_size": [0.33333, 5.33333]},
								"west": {"uv": [7.66667, 10.66667], "uv_size": [0.33333, 5.33333]},
								"up": {"uv": [8.33333, 11.33333], "uv_size": [-0.33333, -0.33333]},
								"down": {"uv": [9, 14], "uv_size": [-0.33333, -0.33333]}
							}
						},
						{
							"origin": [-8, 28.25, 5.25],
							"size": [16, 1, 1],
							"uv": {
								"north": {"uv": [10.66667, 11.66667], "uv_size": [5.33333, 0.33333]},
								"east": {"uv": [13.66667, 12.33333], "uv_size": [0.33333, 0.33333]},
								"south": {"uv": [10.66667, 10.66667], "uv_size": [5.33333, 0.33333]},
								"west": {"uv": [11, 13], "uv_size": [0.33333, 0.33333]},
								"up": {"uv": [16, 13], "uv_size": [-5.33333, -0.33333]},
								"down": {"uv": [16, 13.66667], "uv_size": [-5.33333, -0.33333]}
							}
						},
						{
							"origin": [5.25, 28, -8],
							"size": [1, 1, 16],
							"uv": {
								"north": {"uv": [8.66667, 13.66667], "uv_size": [0.33333, 0.33333]},
								"east": {"uv": [10.66667, 11], "uv_size": [5.33333, -0.33333]},
								"south": {"uv": [8, 11], "uv_size": [0.33333, 0.33333]},
								"west": {"uv": [10.66667, 12], "uv_size": [5.33333, -0.33333]},
								"up": {"uv": [8.66667, 10.66667], "uv_size": [-0.33333, 5.33333]},
								"down": {"uv": [8, 10.66667], "uv_size": [-0.33333, 5.33333]}
							}
						},
						{
							"origin": [-6.25, 28, -8],
							"size": [1, 1, 16],
							"uv": {
								"north": {"uv": [8.66667, 13.66667], "uv_size": [0.33333, 0.33333]},
								"east": {"uv": [10.66667, 11], "uv_size": [5.33333, -0.33333]},
								"south": {"uv": [8, 11], "uv_size": [0.33333, 0.33333]},
								"west": {"uv": [10.66667, 12], "uv_size": [5.33333, -0.33333]},
								"up": {"uv": [8.66667, 10.66667], "uv_size": [-0.33333, 5.33333]},
								"down": {"uv": [8, 10.66667], "uv_size": [-0.33333, 5.33333]}
							}
						},
						{
							"origin": [5, 13.78521, 5],
							"size": [1, 16, 1],
							"uv": {
								"north": {"uv": [9.33333, 10.66667], "uv_size": [0.33333, 5.33333]},
								"east": {"uv": [8.33333, 10.66667], "uv_size": [0.33333, 5.33333]},
								"south": {"uv": [10.33333, 10.66667], "uv_size": [0.33333, 5.33333]},
								"west": {"uv": [7.66667, 10.66667], "uv_size": [0.33333, 5.33333]},
								"up": {"uv": [8.33333, 11.33333], "uv_size": [-0.33333, -0.33333]},
								"down": {"uv": [9, 14], "uv_size": [-0.33333, -0.33333]}
							}
						},
						{
							"origin": [5.5, -0.17117, -8],
							"size": [0, 29.95638, 16],
							"uv": {
								"north": {"uv": [0, 0], "uv_size": [0, 0]},
								"east": {"uv": [0, 0], "uv_size": [0, 0]},
								"south": {"uv": [0, 0], "uv_size": [0, 0]},
								"west": {"uv": [10.66667, 0], "uv_size": [5.33333, 10.66667]},
								"up": {"uv": [0, 0], "uv_size": [0, 0]},
								"down": {"uv": [0, 0], "uv_size": [0, 0]}
							}
						},
						{
							"origin": [-5.5, -0.17117, -8],
							"size": [0, 29.95638, 16],
							"uv": {
								"north": {"uv": [0, 0], "uv_size": [0, 0]},
								"east": {"uv": [10.66667, 0], "uv_size": [5.33333, 10.66667]},
								"south": {"uv": [0, 0], "uv_size": [0, 0]},
								"west": {"uv": [0, 0], "uv_size": [0, 0]},
								"up": {"uv": [0, 0], "uv_size": [0, 0]},
								"down": {"uv": [0, 0], "uv_size": [0, 0]}
							}
						},
						{
							"origin": [-8, -0.17117, -5.5],
							"size": [16, 29.95638, 0],
							"uv": {
								"north": {"uv": [10.66667, 0], "uv_size": [5.33333, 10.66667]},
								"east": {"uv": [0, 0], "uv_size": [0, 0]},
								"south": {"uv": [0, 0], "uv_size": [0, 0]},
								"west": {"uv": [0, 0], "uv_size": [0, 0]},
								"up": {"uv": [0, 0], "uv_size": [0, 0]},
								"down": {"uv": [0, 0], "uv_size": [0, 0]}
							}
						},
						{
							"origin": [-8, -0.17117, 5.5],
							"size": [16, 29.95638, 0],
							"uv": {
								"north": {"uv": [0, 0], "uv_size": [0, 0]},
								"east": {"uv": [0, 0], "uv_size": [0, 0]},
								"south": {"uv": [10.66667, 0], "uv_size": [5.33333, 10.66667]},
								"west": {"uv": [0, 0], "uv_size": [0, 0]},
								"up": {"uv": [0, 0], "uv_size": [0, 0]},
								"down": {"uv": [0, 0], "uv_size": [0, 0]}
							}
						},
						{
							"origin": [-6, 0, 5],
							"size": [1, 16, 1],
							"uv": {
								"north": {"uv": [9.33333, 10.66667], "uv_size": [0.33333, 5.33333]},
								"east": {"uv": [8.33333, 10.66667], "uv_size": [0.33333, 5.33333]},
								"south": {"uv": [10.33333, 10.66667], "uv_size": [0.33333, 5.33333]},
								"west": {"uv": [7.66667, 10.66667], "uv_size": [0.33333, 5.33333]},
								"up": {"uv": [8.33333, 11.33333], "uv_size": [-0.33333, -0.33333]},
								"down": {"uv": [9, 14], "uv_size": [-0.33333, -0.33333]}
							}
						},
						{
							"origin": [5, 0, 5],
							"size": [1, 16, 1],
							"uv": {
								"north": {"uv": [9.33333, 10.66667], "uv_size": [0.33333, 5.33333]},
								"east": {"uv": [8.33333, 10.66667], "uv_size": [0.33333, 5.33333]},
								"south": {"uv": [10.33333, 10.66667], "uv_size": [0.33333, 5.33333]},
								"west": {"uv": [7.66667, 10.66667], "uv_size": [0.33333, 5.33333]},
								"up": {"uv": [8.33333, 11.33333], "uv_size": [-0.33333, -0.33333]},
								"down": {"uv": [9, 14], "uv_size": [-0.33333, -0.33333]}
							}
						},
						{
							"origin": [5, 0, -6],
							"size": [1, 16, 1],
							"uv": {
								"north": {"uv": [9.33333, 10.66667], "uv_size": [0.33333, 5.33333]},
								"east": {"uv": [8.33333, 10.66667], "uv_size": [0.33333, 5.33333]},
								"south": {"uv": [10.33333, 10.66667], "uv_size": [0.33333, 5.33333]},
								"west": {"uv": [7.66667, 10.66667], "uv_size": [0.33333, 5.33333]},
								"up": {"uv": [8.33333, 11.33333], "uv_size": [-0.33333, -0.33333]},
								"down": {"uv": [9, 14], "uv_size": [-0.33333, -0.33333]}
							}
						},
						{
							"origin": [5, 13.78521, -6],
							"size": [1, 16, 1],
							"uv": {
								"north": {"uv": [9.33333, 10.66667], "uv_size": [0.33333, 5.33333]},
								"east": {"uv": [8.33333, 10.66667], "uv_size": [0.33333, 5.33333]},
								"south": {"uv": [10.33333, 10.66667], "uv_size": [0.33333, 5.33333]},
								"west": {"uv": [7.66667, 10.66667], "uv_size": [0.33333, 5.33333]},
								"up": {"uv": [8.33333, 11.33333], "uv_size": [-0.33333, -0.33333]},
								"down": {"uv": [9, 14], "uv_size": [-0.33333, -0.33333]}
							}
						}
					]
				}
			]
		}
	]
}