{
	"format_version": "1.12.0",
	"minecraft:geometry": [
		{
			"description": {
				"identifier": "geometry.blocks.customcrops.tomato.gigantic_geo.soojcraft",
				"texture_width": 16,
				"texture_height": 16,
				"visible_bounds_width": 2,
				"visible_bounds_height": 3.5,
				"visible_bounds_offset": [0, 1.25, 0]
			},
			"bones": [
				{
					"name": "bb_main",
					"pivot": [0, 0, 0],
					"cubes": [
						{
							"origin": [-8, 0, -8],
							"size": [16, 16, 16],
							"uv": {
								"north": {"uv": [8, 0], "uv_size": [4, 4]},
								"east": {"uv": [8, 0], "uv_size": [4, 4]},
								"south": {"uv": [8, 0], "uv_size": [4, 4]},
								"west": {"uv": [8, 0], "uv_size": [4, 4]},
								"up": {"uv": [12, 4], "uv_size": [-4, -4]},
								"down": {"uv": [12, 4], "uv_size": [-4, -4]}
							}
						},
						{
							"origin": [0, 16, -8],
							"size": [0, 14, 16],
							"uv": {
								"east": {"uv": [4, 0.5], "uv_size": [4, 3.5]}
							}
						},
						{
							"origin": [-8, 16, 0],
							"size": [16, 14, 0],
							"uv": {
								"north": {"uv": [4, 0.5], "uv_size": [4, 3.5]}
							}
						}
					]
				}
			]
		}
	]
}