{
	"format_version": "1.12.0",
	"minecraft:geometry": [
		{
			"description": {
				"identifier": "geometry.blocks.customcrops.tomato.stage_4_geo.soojcraft",
				"texture_width": 16,
				"texture_height": 16,
				"visible_bounds_width": 2,
				"visible_bounds_height": 2.5,
				"visible_bounds_offset": [0, 0.75, 0]
			},
			"bones": [
				{
					"name": "bb_main",
					"pivot": [0, 0, 0],
					"cubes": [
						{
							"origin": [-4, 4, -5],
							"size": [3, 3, 3],
							"uv": {
								"north": {"uv": [9.75, 3.25], "uv_size": [0.75, 0.75]},
								"east": {"uv": [8.5, 2.5], "uv_size": [0.75, 0.75]},
								"south": {"uv": [8, 1], "uv_size": [0.75, 0.75]},
								"west": {"uv": [9, 1.75], "uv_size": [0.75, 0.75]},
								"up": {"uv": [11, 3], "uv_size": [-0.75, -0.75]},
								"down": {"uv": [11.5, 2.75], "uv_size": [-0.75, -0.75]}
							}
						},
						{
							"origin": [0.25, 0, -2.75],
							"size": [3, 3, 3],
							"uv": {
								"north": {"uv": [9.75, 3.25], "uv_size": [0.75, 0.75]},
								"east": {"uv": [8.5, 2.5], "uv_size": [0.75, 0.75]},
								"south": {"uv": [8, 1], "uv_size": [0.75, 0.75]},
								"west": {"uv": [9, 1.75], "uv_size": [0.75, 0.75]},
								"up": {"uv": [11, 3], "uv_size": [-0.75, -0.75]},
								"down": {"uv": [11.5, 2.75], "uv_size": [-0.75, -0.75]}
							}
						},
						{
							"origin": [1, 10, -4],
							"size": [3, 3, 3],
							"uv": {
								"north": {"uv": [9.75, 3.25], "uv_size": [0.75, 0.75]},
								"east": {"uv": [8.5, 2.5], "uv_size": [0.75, 0.75]},
								"south": {"uv": [8, 1], "uv_size": [0.75, 0.75]},
								"west": {"uv": [9, 1.75], "uv_size": [0.75, 0.75]},
								"up": {"uv": [11, 3], "uv_size": [-0.75, -0.75]},
								"down": {"uv": [11.5, 2.75], "uv_size": [-0.75, -0.75]}
							}
						},
						{
							"origin": [-4, 10, 2.5],
							"size": [3, 3, 3],
							"uv": {
								"north": {"uv": [9.75, 3.25], "uv_size": [0.75, 0.75]},
								"east": {"uv": [8.5, 2.5], "uv_size": [0.75, 0.75]},
								"south": {"uv": [8, 1], "uv_size": [0.75, 0.75]},
								"west": {"uv": [9, 1.75], "uv_size": [0.75, 0.75]},
								"up": {"uv": [11, 3], "uv_size": [-0.75, -0.75]},
								"down": {"uv": [11.5, 2.75], "uv_size": [-0.75, -0.75]}
							}
						},
						{
							"origin": [2, 7, 1],
							"size": [3, 3, 3],
							"uv": {
								"north": {"uv": [9.75, 3.25], "uv_size": [0.75, 0.75]},
								"east": {"uv": [8.5, 2.5], "uv_size": [0.75, 0.75]},
								"south": {"uv": [8, 1], "uv_size": [0.75, 0.75]},
								"west": {"uv": [9, 1.75], "uv_size": [0.75, 0.75]},
								"up": {"uv": [11, 3], "uv_size": [-0.75, -0.75]},
								"down": {"uv": [11.5, 2.75], "uv_size": [-0.75, -0.75]}
							}
						},
						{
							"origin": [3, 0, -8],
							"size": [0, 16, 16],
							"uv": {
								"north": {"uv": [0, 0], "uv_size": [0, 0]},
								"south": {"uv": [0, 0], "uv_size": [0, 0]},
								"west": {"uv": [12, 4], "uv_size": [4, 4]},
								"up": {"uv": [0, 0], "uv_size": [0, 0]},
								"down": {"uv": [0, 0], "uv_size": [0, 0]}
							}
						},
						{
							"origin": [-3, 0, -8],
							"size": [0, 16, 16],
							"uv": {
								"north": {"uv": [0, 0], "uv_size": [0, 0]},
								"east": {"uv": [12, 4], "uv_size": [4, 4]},
								"south": {"uv": [0, 0], "uv_size": [0, 0]},
								"up": {"uv": [0, 0], "uv_size": [0, 0]},
								"down": {"uv": [0, 0], "uv_size": [0, 0]}
							}
						},
						{
							"origin": [-8, 0, -3],
							"size": [16, 16, 0],
							"uv": {
								"north": {"uv": [12, 4], "uv_size": [4, 4]},
								"east": {"uv": [0, 0], "uv_size": [0, 0]},
								"west": {"uv": [0, 0], "uv_size": [0, 0]},
								"up": {"uv": [0, 0], "uv_size": [0, 0]},
								"down": {"uv": [0, 0], "uv_size": [0, 0]}
							}
						},
						{
							"origin": [-8, 0, 3],
							"size": [16, 16, 0],
							"uv": {
								"east": {"uv": [0, 0], "uv_size": [0, 0]},
								"south": {"uv": [12, 4], "uv_size": [4, 4]},
								"west": {"uv": [0, 0], "uv_size": [0, 0]},
								"up": {"uv": [0, 0], "uv_size": [0, 0]},
								"down": {"uv": [0, 0], "uv_size": [0, 0]}
							}
						},
						{
							"origin": [-1, 0, -1],
							"size": [2, 16, 2],
							"uv": {
								"north": {"uv": [2.75, 0], "uv_size": [0.5, 4]},
								"east": {"uv": [2, 0], "uv_size": [0.5, 4]},
								"south": {"uv": [3.5, 0], "uv_size": [0.5, 4]},
								"west": {"uv": [1.5, 0], "uv_size": [0.5, 4]},
								"up": {"uv": [2.5, 0.75], "uv_size": [-0.5, -0.5]},
								"down": {"uv": [3, 2.75], "uv_size": [-0.5, -0.5]}
							}
						}
					]
				}
			]
		}
	]
}