{
	"format_version": "1.12.0",
	"minecraft:geometry": [
		{
			"description": {
				"identifier": "geometry.blocks.customcrops.tomato.stage_3_geo.soojcraft",
				"texture_width": 16,
				"texture_height": 16,
				"visible_bounds_width": 2,
				"visible_bounds_height": 2.5,
				"visible_bounds_offset": [0, 0.75, 0]
			},
			"bones": [
				{
					"name": "bb_main",
					"pivot": [0, 0, 0],
					"cubes": [
						{
							"origin": [-4.25, 4, -5],
							"size": [2, 2, 2],
							"uv": {
								"north": {"uv": [9.5, 1], "uv_size": [0.5, 0.5]},
								"east": {"uv": [9.75, 0], "uv_size": [0.5, 0.5]},
								"south": {"uv": [9.5, 0.25], "uv_size": [0.5, 0.5]},
								"west": {"uv": [9.5, 0.5], "uv_size": [0.5, 0.5]},
								"up": {"uv": [11, 2], "uv_size": [-0.5, -0.5]},
								"down": {"uv": [10.25, 1.5], "uv_size": [-0.5, -0.5]}
							}
						},
						{
							"origin": [-4.25, 7, -1],
							"size": [2, 2, 2],
							"uv": {
								"north": {"uv": [9.5, 1], "uv_size": [0.5, 0.5]},
								"east": {"uv": [9.75, 0], "uv_size": [0.5, 0.5]},
								"south": {"uv": [9.5, 0.25], "uv_size": [0.5, 0.5]},
								"west": {"uv": [9.5, 0.5], "uv_size": [0.5, 0.5]},
								"up": {"uv": [11, 2], "uv_size": [-0.5, -0.5]},
								"down": {"uv": [10.25, 1.5], "uv_size": [-0.5, -0.5]}
							}
						},
						{
							"origin": [-0.25, 4, 4],
							"size": [2, 2, 2],
							"uv": {
								"north": {"uv": [9.5, 1], "uv_size": [0.5, 0.5]},
								"east": {"uv": [9.75, 0], "uv_size": [0.5, 0.5]},
								"south": {"uv": [9.5, 0.25], "uv_size": [0.5, 0.5]},
								"west": {"uv": [9.5, 0.5], "uv_size": [0.5, 0.5]},
								"up": {"uv": [11, 2], "uv_size": [-0.5, -0.5]},
								"down": {"uv": [10.25, 1.5], "uv_size": [-0.5, -0.5]}
							}
						},
						{
							"origin": [2, 7, 0],
							"size": [2, 2, 2],
							"uv": {
								"north": {"uv": [9.5, 1], "uv_size": [0.5, 0.5]},
								"east": {"uv": [9.75, 0], "uv_size": [0.5, 0.5]},
								"south": {"uv": [9.5, 0.25], "uv_size": [0.5, 0.5]},
								"west": {"uv": [9.5, 0.5], "uv_size": [0.5, 0.5]},
								"up": {"uv": [11, 2], "uv_size": [-0.5, -0.5]},
								"down": {"uv": [10.25, 1.5], "uv_size": [-0.5, -0.5]}
							}
						},
						{
							"origin": [3, 0, -8],
							"size": [0, 16, 16],
							"uv": {
								"west": {"uv": [8, 4], "uv_size": [4, 4]}
							}
						},
						{
							"origin": [-3, 0, -8],
							"size": [0, 16, 16],
							"uv": {
								"east": {"uv": [8, 4], "uv_size": [4, 4]}
							}
						},
						{
							"origin": [-8, 0, -3],
							"size": [16, 16, 0],
							"uv": {
								"north": {"uv": [8, 4], "uv_size": [4, 4]}
							}
						},
						{
							"origin": [-8, 0, 3],
							"size": [16, 16, 0],
							"uv": {
								"south": {"uv": [8, 4], "uv_size": [4, 4]}
							}
						},
						{
							"origin": [-1, 0, -1],
							"size": [2, 16, 2],
							"uv": {
								"north": {"uv": [2.75, 0], "uv_size": [0.5, 4]},
								"east": {"uv": [2, 0], "uv_size": [0.5, 4]},
								"south": {"uv": [3.5, 0], "uv_size": [0.5, 4]},
								"west": {"uv": [1.5, 0], "uv_size": [0.5, 4]},
								"up": {"uv": [2.5, 0.75], "uv_size": [-0.5, -0.5]},
								"down": {"uv": [3, 2.75], "uv_size": [-0.5, -0.5]}
							}
						}
					]
				}
			]
		}
	]
}