{
	"format_version": "1.12.0",
	"minecraft:geometry": [
		{
			"description": {
				"identifier": "geometry.blocks.customcrops.tomato.stage_2_geo.soojcraft",
				"texture_width": 16,
				"texture_height": 16,
				"visible_bounds_width": 2,
				"visible_bounds_height": 2.5,
				"visible_bounds_offset": [0, 0.75, 0]
			},
			"bones": [
				{
					"name": "bb_main",
					"pivot": [0, 0, 0],
					"cubes": [
						{
							"origin": [0, 0, -8],
							"size": [0, 16, 16],
							"uv": {
								"east": {"uv": [4, 4], "uv_size": [4, 4]}
							}
						},
						{
							"origin": [-8, 0, 0],
							"size": [16, 16, 0],
							"uv": {
								"north": {"uv": [4, 4], "uv_size": [4, 4]}
							}
						},
						{
							"origin": [-1, 0, -1],
							"size": [2, 16, 2],
							"uv": {
								"north": {"uv": [2.75, 0], "uv_size": [0.5, 4]},
								"east": {"uv": [2, 0], "uv_size": [0.5, 4]},
								"south": {"uv": [3.5, 0], "uv_size": [0.5, 4]},
								"west": {"uv": [1.5, 0], "uv_size": [0.5, 4]},
								"up": {"uv": [2.5, 0.75], "uv_size": [-0.5, -0.5]},
								"down": {"uv": [3, 2.75], "uv_size": [-0.5, -0.5]}
							}
						}
					]
				}
			]
		}
	]
}