{
	"format_version": "1.12.0",
	"minecraft:geometry": [
		{
			"description": {
				"identifier": "geometry.blocks.customcrops.chinese_cabbage.stage_3_geo.soojcraft",
				"texture_width": 64,
				"texture_height": 64,
				"visible_bounds_width": 2,
				"visible_bounds_height": 2.5,
				"visible_bounds_offset": [0, 0.75, 0]
			},
			"bones": [
				{
					"name": "bb_main",
					"pivot": [0, 0, 0],
					"cubes": [
						{
							"origin": [2.25, 0, -3],
							"size": [0, 6, 6],
							"uv": {
								"west": {"uv": [4, 24], "uv_size": [8, 8]}
							}
						},
						{
							"origin": [-1.8, 0, -2.1],
							"size": [3.6, 1.65, 3.75],
							"uv": {
								"north": {"uv": [11, 0], "uv_size": [7, 4]},
								"east": {"uv": [11, 5], "uv_size": [7, 3]},
								"south": {"uv": [11, 0], "uv_size": [7, 4]},
								"west": {"uv": [11, 0], "uv_size": [7, 4]},
								"up": {"uv": [18, 8], "uv_size": [-7, -8]},
								"down": {"uv": [18, 8], "uv_size": [-7, -8]}
							}
						},
						{
							"origin": [-4.89962, -0.22051, -4.5],
							"size": [0, 9, 9],
							"pivot": [-4.89962, 4.27949, 0],
							"rotation": [0, 0, -22.5],
							"uv": {
								"east": {"uv": [15, 51], "uv_size": [-14, 13]}
							}
						},
						{
							"origin": [-4.10039, -0.08362, -4.76511],
							"size": [9, 9, 0],
							"pivot": [0.39961, 4.41637, -4.76511],
							"rotation": [22.5, 0, 0],
							"uv": {
								"north": {"uv": [1, 51], "uv_size": [14, 13]}
							}
						},
						{
							"origin": [-4.10039, 1.72949, 4.65],
							"size": [9, 9, 0],
							"pivot": [4.89961, 4.27949, 0],
							"rotation": [-22.5, 0, 0],
							"uv": {
								"south": {"uv": [1, 51], "uv_size": [14, 13]}
							}
						},
						{
							"origin": [4.89961, -0.22051, -4.5],
							"size": [0, 9, 9],
							"pivot": [4.89961, 4.27949, 0],
							"rotation": [0, 0, 22.5],
							"uv": {
								"west": {"uv": [1, 51], "uv_size": [14, 13]}
							}
						},
						{
							"origin": [3.15, 2.73198, -4.78934],
							"size": [7.2, 0, 9],
							"pivot": [6.75, 0.18198, -0.28934],
							"rotation": [0, 0, -45],
							"uv": {
								"up": {"uv": [34, 37], "uv_size": [-12, -12]}
							}
						},
						{
							"origin": [-9.05772, 2.74592, -4.18933],
							"size": [7.2, 0, 9],
							"pivot": [-5.60772, 1.69591, 0.91067],
							"rotation": [0, 0, 45],
							"uv": {
								"up": {"uv": [22, 25], "uv_size": [12, 12]}
							}
						},
						{
							"origin": [-4.35, 3.33198, 0.58933],
							"size": [8.7, 0, 7.5],
							"pivot": [-0.75, 3.18198, 5.68934],
							"rotation": [45, 0, 0],
							"uv": {
								"down": {"uv": [36, 37], "uv_size": [12, -12]}
							}
						},
						{
							"origin": [-4.35, 3.03198, -8.23934],
							"size": [8.7, 0, 7.50001],
							"pivot": [-0.75, 3.18198, -5.68933],
							"rotation": [-45, 0, 0],
							"uv": {
								"up": {"uv": [48, 37], "uv_size": [-12, -12]}
							}
						},
						{
							"origin": [-2.25, 0, -3],
							"size": [0, 6, 6],
							"uv": {
								"east": {"uv": [4, 24], "uv_size": [8, 8]}
							}
						},
						{
							"origin": [-3, 0, -2.25],
							"size": [6, 6, 0],
							"uv": {
								"north": {"uv": [4, 24], "uv_size": [8, 8]}
							}
						},
						{
							"origin": [-3, 0, 2.25],
							"size": [6, 6, 0],
							"uv": {
								"south": {"uv": [4, 24], "uv_size": [8, 8]}
							}
						}
					]
				}
			]
		}
	]
}