{
	"format_version": "1.12.0",
	"minecraft:geometry": [
		{
			"description": {
				"identifier": "geometry.blocks.customcrops.chinese_cabbage.stage_1_geo.soojcraft",
				"texture_width": 64,
				"texture_height": 64,
				"visible_bounds_width": 3,
				"visible_bounds_height": 1.5,
				"visible_bounds_offset": [0, 0.25, 0]
			},
			"bones": [
				{
					"name": "bb_main",
					"pivot": [0, 0, 0],
					"cubes": [
						{
							"origin": [-2.25, -0.75, -3.25],
							"size": [0, 6, 6],
							"uv": {
								"east": {"uv": [4, 24], "uv_size": [8, 8]}
							}
						},
						{
							"origin": [-3, -0.75, -2.5],
							"size": [6, 6, 0],
							"uv": {
								"north": {"uv": [4, 24], "uv_size": [8, 8]}
							}
						},
						{
							"origin": [-3, -0.75, 2],
							"size": [6, 6, 0],
							"uv": {
								"south": {"uv": [4, 24], "uv_size": [8, 8]}
							}
						},
						{
							"origin": [2.25, -0.75, -3.25],
							"size": [0, 6, 6],
							"uv": {
								"west": {"uv": [4, 24], "uv_size": [8, 8]}
							}
						}
					]
				}
			]
		}
	]
}