{
	"format_version": "1.12.0",
	"minecraft:geometry": [
		{
			"description": {
				"identifier": "geometry.blocks.customcrops.pitaya.stage_1_geo.soojcraft",
				"texture_width": 16,
				"texture_height": 16,
				"visible_bounds_width": 3,
				"visible_bounds_height": 3,
				"visible_bounds_offset": [0, -0.5, 0]
			},
			"bones": [
				{
					"name": "bb_main",
					"pivot": [0, 0, 0],
					"cubes": [
						{
							"origin": [-13.75, -4.5, -2],
							"size": [2, 0, 4],
							"pivot": [8, -18, -8],
							"rotation": [0, 0, 45],
							"uv": {
								"up": {"uv": [8.75, 16], "uv_size": [-0.5, -1]}
							}
						},
						{
							"origin": [-12.1, 7.2, -2],
							"size": [2, 0, 4],
							"pivot": [-8, -18, -8],
							"rotation": [0, 0, 22.5],
							"uv": {
								"up": {"uv": [14, 15], "uv_size": [-0.5, 1]}
							}
						},
						{
							"origin": [-2, 6.85, -18.25],
							"size": [4, 0, 2],
							"pivot": [8, -18, -8],
							"rotation": [-45, 0, 0],
							"uv": {
								"up": {"uv": [1, 0.75], "uv_size": [-1, -0.5]}
							}
						},
						{
							"origin": [-2, 1, -11],
							"size": [4, 0, 2],
							"pivot": [8, -18, 8],
							"rotation": [-22.5, 0, 0],
							"uv": {
								"up": {"uv": [1, 0.25], "uv_size": [-1, 0.5]}
							}
						},
						{
							"origin": [-2, 6.85, 16.25],
							"size": [4, 0, 2],
							"pivot": [8, -18, 8],
							"rotation": [45, 0, 0],
							"uv": {
								"up": {"uv": [1, 0.25], "uv_size": [-1, 0.5]}
							}
						},
						{
							"origin": [0, 4.4, -3.6],
							"size": [1, 1, 0],
							"uv": {
								"north": {"uv": [0.5, 6.25], "uv_size": [-0.25, 0.25]}
							}
						},
						{
							"origin": [-2, 1, 9],
							"size": [4, 0, 2],
							"pivot": [8, -18, -8],
							"rotation": [22.5, 0, 0],
							"uv": {
								"up": {"uv": [1, 4.5], "uv_size": [-1, -0.5]}
							}
						},
						{
							"origin": [-1, 0, -1],
							"size": [2, 6, 2],
							"uv": {
								"north": {"uv": [9.75, 0.25], "uv_size": [0.5, 1.5]},
								"east": {"uv": [9.75, 0.25], "uv_size": [0.5, 1.5]},
								"south": {"uv": [9.75, 0.25], "uv_size": [0.5, 1.5]},
								"west": {"uv": [9.75, 0.25], "uv_size": [0.5, 1.5]},
								"up": {"uv": [10.25, 0.75], "uv_size": [-0.5, -0.5]},
								"down": {"uv": [10.25, 0.75], "uv_size": [-0.5, -0.5]}
							}
						},
						{
							"origin": [11.75, -4.6, -2],
							"size": [2, 0, 4],
							"pivot": [-8, -18, -8],
							"rotation": [0, 0, -45],
							"uv": {
								"up": {"uv": [8.75, 15], "uv_size": [-0.5, 1]}
							}
						},
						{
							"origin": [-3.5, 4.45, -1],
							"size": [0, 1, 1],
							"uv": {
								"east": {"uv": [0.75, 5.5], "uv_size": [0.25, -0.25]}
							}
						},
						{
							"origin": [0, 4.45, 3.75],
							"size": [1, 1, 0],
							"uv": {
								"south": {"uv": [0.75, 5], "uv_size": [-0.25, 0.25]}
							}
						},
						{
							"origin": [3.45, 4.55, -1],
							"size": [0, 1, 1],
							"uv": {
								"west": {"uv": [2, 1.25], "uv_size": [-0.25, -0.25]}
							}
						},
						{
							"origin": [10.1, 7.2, -2],
							"size": [2, 0, 4],
							"pivot": [8, -18, -8],
							"rotation": [0, 0, -22.5],
							"uv": {
								"up": {"uv": [14, 16], "uv_size": [-0.5, -1]}
							}
						}
					]
				}
			]
		}
	]
}