{
	"format_version": "1.12.0",
	"minecraft:geometry": [
		{
			"description": {
				"identifier": "geometry.blocks.customcrops.pitaya.stage_5_geo.soojcraft",
				"texture_width": 16,
				"texture_height": 16,
				"visible_bounds_width": 3,
				"visible_bounds_height": 3.5,
				"visible_bounds_offset": [0, 1.25, 0]
			},
			"bones": [
				{
					"name": "bb_main",
					"pivot": [0, 0, 0],
					"cubes": [
						{
							"origin": [-2, 11.7, 9.05],
							"size": [4, 8, 0],
							"uv": {
								"south": {"uv": [1, 6], "uv_size": [-1, 2]}
							}
						},
						{
							"origin": [8.95, 11.8, -2],
							"size": [0, 8, 4],
							"uv": {
								"west": {"uv": [8, 10], "uv_size": [-1, -2]}
							}
						},
						{
							"origin": [10.1, 25.2, -2],
							"size": [2, 0, 4],
							"pivot": [8, 0, -8],
							"rotation": [0, 0, -22.5],
							"uv": {
								"up": {"uv": [14, 16], "uv_size": [-0.5, -1]}
							}
						},
						{
							"origin": [-16.55, 17.95, -2],
							"size": [0, 4, 4],
							"pivot": [-8, 0, -8],
							"rotation": [0, 0, 22.5],
							"uv": {
								"east": {"uv": [1, 5], "uv_size": [-1, 1]}
							}
						},
						{
							"origin": [-8.95, 11.8, -2],
							"size": [0, 8, 4],
							"uv": {
								"east": {"uv": [7, 10], "uv_size": [1, -2]}
							}
						},
						{
							"origin": [8.95, 16.3, -2],
							"size": [2, 0, 4],
							"pivot": [-8, 0, -8],
							"rotation": [0, 0, -45],
							"uv": {
								"up": {"uv": [8.75, 15], "uv_size": [-0.5, 1]}
							}
						},
						{
							"origin": [-6.1, 24.9, -2],
							"size": [4, 0, 4],
							"uv": {
								"up": {"uv": [14.25, 16], "uv_size": [-1, -1]}
							}
						},
						{
							"origin": [16.55, 17.95, -2],
							"size": [0, 4, 4],
							"pivot": [8, 0, -8],
							"rotation": [0, 0, -22.5],
							"uv": {
								"west": {"uv": [0, 5], "uv_size": [1, 1]}
							}
						},
						{
							"origin": [-12.1, 25.2, -2],
							"size": [2, 0, 4],
							"pivot": [-8, 0, -8],
							"rotation": [0, 0, 22.5],
							"uv": {
								"up": {"uv": [14, 15], "uv_size": [-0.5, 1]}
							}
						},
						{
							"origin": [-2, 11.7, 15.3],
							"size": [4, 4, 0],
							"pivot": [8, 0, -8],
							"rotation": [22.5, 0, 0],
							"uv": {
								"south": {"uv": [0, 5], "uv_size": [1, 1]}
							}
						},
						{
							"origin": [-2, 27.55, -15.55],
							"size": [4, 0, 2],
							"pivot": [8, 0, -8],
							"rotation": [-45, 0, 0],
							"uv": {
								"up": {"uv": [1, 0.75], "uv_size": [-1, -0.5]}
							}
						},
						{
							"origin": [-10.95, 16.3, -2],
							"size": [2, 0, 4],
							"pivot": [8, 0, -8],
							"rotation": [0, 0, 45],
							"uv": {
								"up": {"uv": [8.75, 16], "uv_size": [-0.5, -1]}
							}
						},
						{
							"origin": [-2, 24.8, 2.2],
							"size": [4, 0, 4],
							"uv": {
								"up": {"uv": [1, 4], "uv_size": [-1, -1]}
							}
						},
						{
							"origin": [2.1, 24.9, -2],
							"size": [4, 0, 4],
							"uv": {
								"up": {"uv": [14.25, 15], "uv_size": [-1, 1]}
							}
						},
						{
							"origin": [-2, 24.8, -6.2],
							"size": [4, 0, 4],
							"uv": {
								"up": {"uv": [1, 0], "uv_size": [-1, 1]}
							}
						},
						{
							"origin": [-2, 27.55, 13.55],
							"size": [4, 0, 2],
							"pivot": [8, 0, 8],
							"rotation": [45, 0, 0],
							"uv": {
								"up": {"uv": [1, 0.25], "uv_size": [-1, 0.5]}
							}
						},
						{
							"origin": [-2, 11.7, -15.3],
							"size": [4, 4, 0],
							"pivot": [8, 0, 8],
							"rotation": [-22.5, 0, 0],
							"uv": {
								"north": {"uv": [1, 4.25], "uv_size": [-1, 1]}
							}
						},
						{
							"origin": [-2, 14.7, -9.05],
							"size": [4, 5, 0],
							"uv": {
								"north": {"uv": [1, 6.75], "uv_size": [-1, 1.25]}
							}
						},
						{
							"origin": [-2, 19, -11],
							"size": [4, 0, 2],
							"pivot": [8, 0, 8],
							"rotation": [-22.5, 0, 0],
							"uv": {
								"up": {"uv": [1, 0.25], "uv_size": [-1, 0.5]}
							}
						},
						{
							"origin": [-2, 19, 9],
							"size": [4, 0, 2],
							"pivot": [8, 0, -8],
							"rotation": [22.5, 0, 0],
							"uv": {
								"up": {"uv": [1, 4.5], "uv_size": [-1, -0.5]}
							}
						},
						{
							"origin": [-1.5, 10, -1.5],
							"size": [3, 8, 3],
							"uv": {
								"north": {"uv": [10, 0.5], "uv_size": [0.75, 2]},
								"east": {"uv": [10, 0.5], "uv_size": [0.75, 2]},
								"south": {"uv": [10, 0.5], "uv_size": [0.75, 2]},
								"west": {"uv": [10, 0.5], "uv_size": [0.75, 2]},
								"up": {"uv": [10.75, 1.25], "uv_size": [-0.75, -0.75]},
								"down": {"uv": [10.75, 1.25], "uv_size": [-0.75, -0.75]}
							}
						},
						{
							"origin": [-1, 18, -1],
							"size": [2, 6, 2],
							"uv": {
								"north": {"uv": [10, 0.08334], "uv_size": [0.5, 1.5]},
								"east": {"uv": [10, 0.08334], "uv_size": [0.5, 1.5]},
								"south": {"uv": [10, 0.08334], "uv_size": [0.5, 1.5]},
								"west": {"uv": [10, 0.08334], "uv_size": [0.5, 1.5]},
								"up": {"uv": [10.5, 0.58334], "uv_size": [-0.5, -0.5]},
								"down": {"uv": [10.5, 0.58334], "uv_size": [-0.5, -0.5]}
							}
						},
						{
							"origin": [-2, 0, -2],
							"size": [4, 10, 4],
							"uv": {
								"north": {"uv": [10, 1.5], "uv_size": [1, 2.5]},
								"east": {"uv": [10, 1.5], "uv_size": [1, 2.5]},
								"south": {"uv": [10, 1.5], "uv_size": [1, 2.5]},
								"west": {"uv": [10, 1.5], "uv_size": [1, 2.5]},
								"up": {"uv": [11, 2.5], "uv_size": [-1, -1]},
								"down": {"uv": [11, 2.5], "uv_size": [-1, -1]}
							}
						},
						{
							"origin": [-1.5, 18, -9.5],
							"size": [3, 3, 0],
							"pivot": [0, 19, -10],
							"rotation": [0, 0, 22.5],
							"uv": {
								"north": {"uv": [7.25, 0], "uv_size": [0.75, 0.75]}
							}
						},
						{
							"origin": [9, 19, -1],
							"size": [0, 3, 3],
							"pivot": [10, 21, 1],
							"rotation": [0, -22.5, 0],
							"uv": {
								"west": {"uv": [7.25, 0], "uv_size": [0.75, 0.75]}
							}
						},
						{
							"origin": [-2, 24, 7],
							"size": [3, 3, 0],
							"pivot": [-1, 24, 7],
							"rotation": [45, 0, 0],
							"uv": {
								"south": {"uv": [7.25, 0], "uv_size": [0.75, 0.75]}
							}
						},
						{
							"origin": [-9, 16, 1],
							"size": [0, 3, 3],
							"pivot": [-10, 16, 2],
							"rotation": [0, 45, 0],
							"uv": {
								"east": {"uv": [7.25, 0], "uv_size": [0.75, 0.75]}
							}
						}
					]
				}
			]
		}
	]
}