{
	"format_version": "1.12.0",
	"minecraft:geometry": [
		{
			"description": {
				"identifier": "geometry.blocks.customcrops.pitaya.stage_3_geo.soojcraft",
				"texture_width": 16,
				"texture_height": 16,
				"visible_bounds_width": 3,
				"visible_bounds_height": 3,
				"visible_bounds_offset": [0, 0.5, 0]
			},
			"bones": [
				{
					"name": "bb_main",
					"pivot": [0, 0, 0],
					"cubes": [
						{
							"origin": [-2, 0, -2],
							"size": [4, 8, 4],
							"uv": {
								"north": {"uv": [9.75, 1.5], "uv_size": [1, 2]},
								"east": {"uv": [9.75, 1.5], "uv_size": [1, 2]},
								"south": {"uv": [9.75, 1.5], "uv_size": [1, 2]},
								"west": {"uv": [9.75, 1.5], "uv_size": [1, 2]},
								"up": {"uv": [10.75, 2.5], "uv_size": [-1, -1]},
								"down": {"uv": [10.75, 2.5], "uv_size": [-1, -1]}
							}
						},
						{
							"origin": [-1, 15, -1],
							"size": [2, 4, 2],
							"uv": {
								"north": {"uv": [10, 0.16667], "uv_size": [0.5, 1]},
								"east": {"uv": [10, 0.16667], "uv_size": [0.5, 1]},
								"south": {"uv": [10, 0.16667], "uv_size": [0.5, 1]},
								"west": {"uv": [10, 0.16667], "uv_size": [0.5, 1]},
								"up": {"uv": [10.5, 0.66667], "uv_size": [-0.5, -0.5]},
								"down": {"uv": [10.5, 0.66667], "uv_size": [-0.5, -0.5]}
							}
						},
						{
							"origin": [-1.5, 8, -1.5],
							"size": [3, 7, 3],
							"uv": {
								"north": {"uv": [10, 0.75], "uv_size": [0.75, 1.75]},
								"east": {"uv": [10, 0.75], "uv_size": [0.75, 1.75]},
								"south": {"uv": [10, 0.75], "uv_size": [0.75, 1.75]},
								"west": {"uv": [10, 0.75], "uv_size": [0.75, 1.75]},
								"up": {"uv": [10.75, 1.5], "uv_size": [-0.75, -0.75]},
								"down": {"uv": [10.75, 1.5], "uv_size": [-0.75, -0.75]}
							}
						},
						{
							"origin": [-2, 14, 9],
							"size": [4, 0, 2],
							"pivot": [8, -5, -8],
							"rotation": [22.5, 0, 0],
							"uv": {
								"up": {"uv": [1, 4.5], "uv_size": [-1, -0.5]}
							}
						},
						{
							"origin": [-2, 13.4, -7.5],
							"size": [4, 5, 0],
							"uv": {
								"north": {"uv": [1, 6.75], "uv_size": [-1, 1.25]}
							}
						},
						{
							"origin": [-2, 22.55, 13.55],
							"size": [4, 0, 2],
							"pivot": [8, -5, 8],
							"rotation": [45, 0, 0],
							"uv": {
								"up": {"uv": [1, 0.25], "uv_size": [-1, 0.5]}
							}
						},
						{
							"origin": [-2, 19.8, -6.2],
							"size": [4, 0, 4],
							"uv": {
								"up": {"uv": [1, 0], "uv_size": [-1, 1]}
							}
						},
						{
							"origin": [2.1, 19.9, -2],
							"size": [4, 0, 4],
							"uv": {
								"up": {"uv": [14.25, 15], "uv_size": [-1, 1]}
							}
						},
						{
							"origin": [-2, 14, -11],
							"size": [4, 0, 2],
							"pivot": [8, -5, 8],
							"rotation": [-22.5, 0, 0],
							"uv": {
								"up": {"uv": [1, 0.25], "uv_size": [-1, 0.5]}
							}
						},
						{
							"origin": [-2, 19.8, 2.2],
							"size": [4, 0, 4],
							"uv": {
								"up": {"uv": [1, 4], "uv_size": [-1, -1]}
							}
						},
						{
							"origin": [-2, 22.55, -15.55],
							"size": [4, 0, 2],
							"pivot": [8, -5, -8],
							"rotation": [-45, 0, 0],
							"uv": {
								"up": {"uv": [1, 0.75], "uv_size": [-1, -0.5]}
							}
						},
						{
							"origin": [-10.95, 11.3, -2],
							"size": [2, 0, 4],
							"pivot": [8, -5, -8],
							"rotation": [0, 0, 45],
							"uv": {
								"up": {"uv": [8.75, 16], "uv_size": [-0.5, -1]}
							}
						},
						{
							"origin": [-12.1, 20.2, -2],
							"size": [2, 0, 4],
							"pivot": [-8, -5, -8],
							"rotation": [0, 0, 22.5],
							"uv": {
								"up": {"uv": [14, 15], "uv_size": [-0.5, 1]}
							}
						},
						{
							"origin": [-6.1, 19.9, -2],
							"size": [4, 0, 4],
							"uv": {
								"up": {"uv": [14.25, 16], "uv_size": [-1, -1]}
							}
						},
						{
							"origin": [8.95, 11.3, -2],
							"size": [2, 0, 4],
							"pivot": [-8, -5, -8],
							"rotation": [0, 0, -45],
							"uv": {
								"up": {"uv": [8.75, 15], "uv_size": [-0.5, 1]}
							}
						},
						{
							"origin": [-7.7, 13.55, -2],
							"size": [0, 5, 4],
							"uv": {
								"east": {"uv": [7, 9.25], "uv_size": [1, -1.25]}
							}
						},
						{
							"origin": [-2, 10.45, 7.55],
							"size": [4, 8, 0],
							"uv": {
								"south": {"uv": [1, 6], "uv_size": [-1, 2]}
							}
						},
						{
							"origin": [7.45, 10.55, -2],
							"size": [0, 8, 4],
							"uv": {
								"west": {"uv": [8, 10], "uv_size": [-1, -2]}
							}
						},
						{
							"origin": [10.1, 20.2, -2],
							"size": [2, 0, 4],
							"pivot": [8, -5, -8],
							"rotation": [0, 0, -22.5],
							"uv": {
								"up": {"uv": [14, 16], "uv_size": [-0.5, -1]}
							}
						}
					]
				}
			]
		}
	]
}