{
	"format_version": "1.12.0",
	"minecraft:geometry": [
		{
			"description": {
				"identifier": "geometry.blocks.customcrops.corn.stage_3_geo.soojcraft",
				"texture_width": 64,
				"texture_height": 64,
				"visible_bounds_width": 2,
				"visible_bounds_height": 3.5,
				"visible_bounds_offset": [0, 1.25, 0]
			},
			"bones": [
				{
					"name": "bone",
					"pivot": [8, 0, -8],
					"cubes": [
						{
							"origin": [0, 0, -8],
							"size": [0, 29, 16],
							"pivot": [0, 16, 0],
							"rotation": [0, -45, 0],
							"uv": {
								"east": {"uv": [0, 34], "uv_size": [16, 30]}
							}
						},
						{
							"origin": [-8, 0, 0],
							"size": [16, 29, 0],
							"pivot": [0, 16, 0],
							"rotation": [0, -45, 0],
							"uv": {
								"south": {"uv": [16, 34], "uv_size": [-16, 30]}
							}
						}
					]
				}
			]
		}
	]
}