{
	"format_version": "1.12.0",
	"minecraft:geometry": [
		{
			"description": {
				"identifier": "geometry.blocks.customcrops.corn.stage_4_geo.soojcraft",
				"texture_width": 64,
				"texture_height": 64,
				"visible_bounds_width": 2,
				"visible_bounds_height": 3.5,
				"visible_bounds_offset": [0, 1.25, 0]
			},
			"bones": [
				{
					"name": "bone",
					"pivot": [8, 0, -8],
					"cubes": [
						{
							"origin": [0, 0, -8],
							"size": [0, 30, 16],
							"pivot": [0, 16, 0],
							"rotation": [0, -45, 0],
							"uv": {
								"east": {"uv": [32, 33], "uv_size": [16, 31]}
							}
						},
						{
							"origin": [-8, 0, 0],
							"size": [16, 30, 0],
							"pivot": [0, 16, 0],
							"rotation": [0, -45, 0],
							"uv": {
								"south": {"uv": [48, 33], "uv_size": [-16, 31]}
							}
						},
						{
							"origin": [-3, 7, 9],
							"size": [3, 8, 3],
							"pivot": [8, 0, -8],
							"rotation": [45, 0, 0],
							"uv": {
								"north": {"uv": [61, 56], "uv_size": [3, 8]},
								"east": {"uv": [61, 56], "uv_size": [3, 8]},
								"south": {"uv": [61, 56], "uv_size": [3, 8]},
								"west": {"uv": [61, 56], "uv_size": [3, 8]},
								"up": {"uv": [61, 61], "uv_size": [-3, -3]},
								"down": {"uv": [61, 64], "uv_size": [-3, -3]}
							}
						},
						{
							"origin": [0, 17, -8],
							"size": [3, 8, 3],
							"pivot": [8, 0, -8],
							"rotation": [-22.5, 0, 0],
							"uv": {
								"north": {"uv": [61, 56], "uv_size": [3, 8]},
								"east": {"uv": [61, 56], "uv_size": [3, 8]},
								"south": {"uv": [61, 56], "uv_size": [3, 8]},
								"west": {"uv": [61, 56], "uv_size": [3, 8]},
								"up": {"uv": [61, 61], "uv_size": [-3, -3]},
								"down": {"uv": [61, 64], "uv_size": [-3, -3]}
							}
						},
						{
							"origin": [2, 10, -3],
							"size": [3, 8, 3],
							"pivot": [8, 0, -8],
							"rotation": [0, 0, -22.5],
							"uv": {
								"north": {"uv": [61, 56], "uv_size": [3, 8]},
								"east": {"uv": [61, 56], "uv_size": [3, 8]},
								"south": {"uv": [61, 56], "uv_size": [3, 8]},
								"west": {"uv": [61, 56], "uv_size": [3, 8]},
								"up": {"uv": [61, 61], "uv_size": [-3, -3]},
								"down": {"uv": [61, 64], "uv_size": [-3, -3]}
							}
						}
					]
				}
			]
		}
	]
}