{
    "format_version": "1.8.0",
    "animations": {
        "animation.customcrops.base.animation_sprinkler_1.soojcraft.thirdperson_main_hand": {
            "loop": true,
            "bones": {
                "geyser_custom": {
                    "rotation": [
                        90,
                        0,
                        0
                    ],
                    "position": [
                        0,
                        13,
                        -3
                    ]
                }
            }
        },
        "animation.customcrops.base.animation_sprinkler_1.soojcraft.thirdperson_off_hand": {
            "loop": true,
            "bones": {
                "geyser_custom": {
                    "rotation": [
                        90,
                        0,
                        0
                    ],
                    "position": [
                        0,
                        13,
                        -3
                    ]
                }
            }
        },
        "animation.customcrops.base.animation_sprinkler_1.soojcraft.head": {
            "loop": true,
            "bones": {
                "geyser_custom_x": {
                    "position": [
                        -0,
                        -19.375,
                        0
                    ],
                    "scale": [
                        0.9375,
                        0.9375,
                        0.9375
                    ]
                },
                "geyser_custom": {
                    "position": [
                        0,
                        19.9,
                        0
                    ]
                }
            }
        },
        "animation.customcrops.base.animation_sprinkler_1.soojcraft.firstperson_main_hand": {
            "loop": true,
            "bones": {
                "geyser_custom": {
                    "rotation": [
                        90,
                        60,
                        -40
                    ],
                    "position": [
                        4,
                        10,
                        4
                    ],
                    "scale": 1.5
                },
                "geyser_custom_x": {
                    "rotation": [
                        0.1,
                        0.1,
                        0.1
                    ]
                }
            }
        },
        "animation.customcrops.base.animation_sprinkler_1.soojcraft.firstperson_off_hand": {
            "loop": true,
            "bones": {
                "geyser_custom": {
                    "rotation": [
                        90,
                        60,
                        -40
                    ],
                    "position": [
                        4,
                        10,
                        4
                    ],
                    "scale": 1.5
                },
                "geyser_custom_x": {
                    "rotation": [
                        0.1,
                        0.1,
                        0.1
                    ]
                }
            }
        }
    }
}