{
    "format_version": "1.8.0",
    "animations": {
        "animation.customcrops.base.animation_sprinkler_3.soojcraft.thirdperson_main_hand": {
            "loop": true,
            "bones": {
                "geyser_custom_x": {
                    "rotation": [
                        -60,
                        0,
                        0
                    ],
                    "position": [
                        -0,
                        2,
                        0
                    ],
                    "scale": [
                        0.5,
                        0.5,
                        0.5
                    ]
                },
                "geyser_custom_y": {
                    "rotation": [
                        0,
                        -45,
                        0
                    ]
                },
                "geyser_custom_z": {
                    "rotation": [
                        0,
                        0,
                        0
                    ]
                },
                "geyser_custom": {
                    "rotation": [
                        90,
                        0,
                        0
                    ],
                    "position": [
                        0,
                        13,
                        -3
                    ]
                }
            }
        },
        "animation.customcrops.base.animation_sprinkler_3.soojcraft.thirdperson_off_hand": {
            "loop": true,
            "bones": {
                "geyser_custom_x": {
                    "rotation": [
                        -60,
                        0,
                        0
                    ],
                    "position": [
                        0,
                        2,
                        0
                    ],
                    "scale": [
                        0.5,
                        0.5,
                        0.5
                    ]
                },
                "geyser_custom_y": {
                    "rotation": [
                        0,
                        -45,
                        0
                    ]
                },
                "geyser_custom_z": {
                    "rotation": [
                        0,
                        0,
                        0
                    ]
                },
                "geyser_custom": {
                    "rotation": [
                        90,
                        0,
                        0
                    ],
                    "position": [
                        0,
                        13,
                        -3
                    ]
                }
            }
        },
        "animation.customcrops.base.animation_sprinkler_3.soojcraft.head": {
            "loop": true,
            "bones": {
                "geyser_custom_x": {
                    "position": [
                        -0,
                        -16.875,
                        0
                    ],
                    "scale": [
                        1.25,
                        1.25,
                        1.25
                    ]
                },
                "geyser_custom": {
                    "position": [
                        0,
                        19.9,
                        0
                    ]
                }
            }
        },
        "animation.customcrops.base.animation_sprinkler_3.soojcraft.firstperson_main_hand": {
            "loop": true,
            "bones": {
                "geyser_custom": {
                    "rotation": [
                        90,
                        60,
                        -40
                    ],
                    "position": [
                        4,
                        10,
                        4
                    ],
                    "scale": 1.5
                },
                "geyser_custom_x": {
                    "rotation": [
                        -0,
                        0,
                        0
                    ]
                },
                "geyser_custom_y": {
                    "rotation": [
                        0,
                        -30,
                        0
                    ]
                },
                "geyser_custom_z": {
                    "rotation": [
                        0,
                        0,
                        0
                    ]
                }
            }
        },
        "animation.customcrops.base.animation_sprinkler_3.soojcraft.firstperson_off_hand": {
            "loop": true,
            "bones": {
                "geyser_custom": {
                    "rotation": [
                        90,
                        60,
                        -40
                    ],
                    "position": [
                        4,
                        10,
                        4
                    ],
                    "scale": 1.5
                },
                "geyser_custom_x": {
                    "rotation": [
                        -0,
                        0,
                        0
                    ]
                },
                "geyser_custom_y": {
                    "rotation": [
                        0,
                        -30,
                        0
                    ]
                },
                "geyser_custom_z": {
                    "rotation": [
                        0,
                        0,
                        0
                    ]
                }
            }
        }
    }
}