{
	"format_version": "1.12.0",
	"minecraft:geometry": [
		{
			"description": {
				"identifier": "geometry.blocks.customcrops.cabbage.gigantic_geo.soojcraft",
				"texture_width": 48,
				"texture_height": 32,
				"visible_bounds_width": 3,
				"visible_bounds_height": 2.5,
				"visible_bounds_offset": [0, 0.75, 0]
			},
			"bones": [
				{
					"name": "bb_main",
					"pivot": [0, 0, 0],
					"cubes": [
						{
							"origin": [-8, 0, -8],
							"size": [16, 16, 16],
							"uv": {
								"north": {"uv": [0, 16], "uv_size": [16, 16]},
								"east": {"uv": [0, 16], "uv_size": [16, 16]},
								"south": {"uv": [0, 16], "uv_size": [16, 16]},
								"west": {"uv": [0, 16], "uv_size": [16, 16]},
								"up": {"uv": [16, 32], "uv_size": [-16, -16]},
								"down": {"uv": [16, 32], "uv_size": [-16, -16]}
							}
						},
						{
							"origin": [-8, 2, -8],
							"size": [0, 7, 16],
							"pivot": [-8, 2, 0],
							"rotation": [0, 0, -22.5],
							"uv": {
								"east": {"uv": [32, 9], "uv_size": [16, 7]}
							}
						},
						{
							"origin": [8, 2, -8],
							"size": [0, 7, 16],
							"pivot": [8, 2, 0],
							"rotation": [0, 0, 22.5],
							"uv": {
								"west": {"uv": [32, 9], "uv_size": [16, 7]}
							}
						},
						{
							"origin": [-8, 2, 8],
							"size": [16, 7, 0],
							"pivot": [0, 2, 8],
							"rotation": [-22.5, 0, 0],
							"uv": {
								"south": {"uv": [32, 9], "uv_size": [16, 7]}
							}
						},
						{
							"origin": [-8, 2, -8],
							"size": [16, 7, 0],
							"pivot": [0, 2, -8],
							"rotation": [22.5, 0, 0],
							"uv": {
								"north": {"uv": [32, 9], "uv_size": [16, 7]}
							}
						}
					]
				}
			]
		}
	]
}