{
	"format_version": "1.12.0",
	"minecraft:geometry": [
		{
			"description": {
				"identifier": "geometry.blocks.customcrops.cabbage.stage_4_geo.soojcraft",
				"texture_width": 48,
				"texture_height": 32,
				"visible_bounds_width": 3,
				"visible_bounds_height": 2.5,
				"visible_bounds_offset": [0, 0.75, 0]
			},
			"bones": [
				{
					"name": "bb_main",
					"pivot": [0, 0, 0],
					"cubes": [
						{
							"origin": [-4, 0.25, -4],
							"size": [8, 6, 8],
							"uv": {
								"north": {"uv": [0, 23], "uv_size": [8, 6]},
								"east": {"uv": [5, 21], "uv_size": [8, 6]},
								"south": {"uv": [3, 20], "uv_size": [8, 6]},
								"west": {"uv": [5, 21], "uv_size": [8, 6]},
								"up": {"uv": [12, 28], "uv_size": [-8, -8]},
								"down": {"uv": [12, 28], "uv_size": [-8, -8]}
							}
						},
						{
							"origin": [4.5, -4, -6],
							"size": [0, 12, 12],
							"pivot": [8, 0, -8],
							"rotation": [0, 0, 45],
							"uv": {
								"west": {"uv": [32, 0], "uv_size": [16, 16]}
							}
						},
						{
							"origin": [-6, 7, -0.25],
							"size": [12, 12, 0],
							"pivot": [8, 0, -8],
							"rotation": [-45, 0, 0],
							"uv": {
								"south": {"uv": [32, 0], "uv_size": [16, 16]}
							}
						},
						{
							"origin": [-6, -4, -4.75],
							"size": [12, 12, 0],
							"pivot": [8, 0, -8],
							"rotation": [45, 0, 0],
							"uv": {
								"north": {"uv": [32, 0], "uv_size": [16, 16]}
							}
						},
						{
							"origin": [0, 7, -6],
							"size": [0, 12, 12],
							"pivot": [8, 0, -8],
							"rotation": [0, 0, -45],
							"uv": {
								"east": {"uv": [32, 0], "uv_size": [16, 16]}
							}
						}
					]
				}
			]
		}
	]
}