{
	"format_version": "1.12.0",
	"minecraft:geometry": [
		{
			"description": {
				"identifier": "geometry.blocks.customcrops.cabbage.stage_3_geo.soojcraft",
				"texture_width": 48,
				"texture_height": 32,
				"visible_bounds_width": 3,
				"visible_bounds_height": 1.5,
				"visible_bounds_offset": [0, 0.25, 0]
			},
			"bones": [
				{
					"name": "bb_main",
					"pivot": [0, 0, 0],
					"cubes": [
						{
							"origin": [1, 5, -6],
							"size": [0, 12, 12],
							"pivot": [8, 0, -8],
							"rotation": [0, 0, -45],
							"uv": {
								"east": {"uv": [16, 0], "uv_size": [16, 16]}
							}
						},
						{
							"origin": [-6, -6, -3.75],
							"size": [12, 12, 0],
							"pivot": [8, 0, -8],
							"rotation": [45, 0, 0],
							"uv": {
								"north": {"uv": [16, 0], "uv_size": [16, 16]}
							}
						},
						{
							"origin": [-6, 5, -1],
							"size": [12, 12, 0],
							"pivot": [8, 0, -8],
							"rotation": [-45, 0, 0],
							"uv": {
								"south": {"uv": [16, 0], "uv_size": [16, 16]}
							}
						},
						{
							"origin": [3.75, -6, -6],
							"size": [0, 12, 12],
							"pivot": [8, 0, -8],
							"rotation": [0, 0, 45],
							"uv": {
								"west": {"uv": [16, 0], "uv_size": [16, 16]}
							}
						},
						{
							"origin": [-3, 1.25, -3],
							"size": [6, 3, 6],
							"uv": {
								"north": {"uv": [6, 26], "uv_size": [6, 3]},
								"east": {"uv": [6, 16], "uv_size": [6, 3]},
								"south": {"uv": [5, 20], "uv_size": [6, 3]},
								"west": {"uv": [5, 21], "uv_size": [6, 3]},
								"up": {"uv": [11, 27], "uv_size": [-6, -6]},
								"down": {"uv": [11, 27], "uv_size": [-6, -6]}
							}
						}
					]
				}
			]
		}
	]
}