{
	"format_version": "1.12.0",
	"minecraft:geometry": [
		{
			"description": {
				"identifier": "geometry.blocks.customcrops.cabbage.stage_2_geo.soojcraft",
				"texture_width": 48,
				"texture_height": 32,
				"visible_bounds_width": 2,
				"visible_bounds_height": 2.5,
				"visible_bounds_offset": [0, 0.75, 0]
			},
			"bones": [
				{
					"name": "bb_main",
					"pivot": [0, 0, 0],
					"cubes": [
						{
							"origin": [0, 2, -6],
							"size": [0, 12, 12],
							"pivot": [8, 0, -8],
							"rotation": [0, 0, -22.5],
							"uv": {
								"east": {"uv": [16, 0], "uv_size": [16, 16]}
							}
						},
						{
							"origin": [-6, -4, -1],
							"size": [12, 12, 0],
							"pivot": [8, 0, -8],
							"rotation": [22.5, 0, 0],
							"uv": {
								"north": {"uv": [16, 0], "uv_size": [16, 16]}
							}
						},
						{
							"origin": [-6, 2, 0],
							"size": [12, 12, 0],
							"pivot": [8, 0, -8],
							"rotation": [-22.5, 0, 0],
							"uv": {
								"south": {"uv": [16, 0], "uv_size": [16, 16]}
							}
						},
						{
							"origin": [1, -4, -6],
							"size": [0, 12, 12],
							"pivot": [8, 0, -8],
							"rotation": [0, 0, 22.5],
							"uv": {
								"west": {"uv": [16, 0], "uv_size": [16, 16]}
							}
						},
						{
							"origin": [-1, 1, -1],
							"size": [2, 1, 2],
							"uv": {
								"north": {"uv": [22, 8], "uv_size": [2, 1]},
								"east": {"uv": [22, 5], "uv_size": [2, 1]},
								"south": {"uv": [24, 7], "uv_size": [2, 1]},
								"west": {"uv": [22, 5], "uv_size": [2, 1]},
								"up": {"uv": [26, 9], "uv_size": [-2, -2]},
								"down": {"uv": [25, 9], "uv_size": [-2, -2]}
							}
						}
					]
				}
			]
		}
	]
}