{
	"format_version": "1.12.0",
	"minecraft:geometry": [
		{
			"description": {
				"identifier": "geometry.blocks.customcrops.pepper.stage_3_geo.soojcraft",
				"texture_width": 16,
				"texture_height": 16,
				"visible_bounds_width": 2,
				"visible_bounds_height": 3.5,
				"visible_bounds_offset": [0, 1.25, 0]
			},
			"bones": [
				{
					"name": "bb_main",
					"pivot": [0, 0, 0],
					"cubes": [
						{
							"origin": [0, 0, -11],
							"size": [0, 30, 22],
							"pivot": [0, 0, 0],
							"rotation": [0, -45, 0],
							"uv": {
								"east": {"uv": [10.66666, 0], "uv_size": [2.66666, 5.33334]}
							}
						},
						{
							"origin": [-11, 0, 0],
							"size": [22, 30, 0],
							"pivot": [0, 0, 0],
							"rotation": [0, -45, 0],
							"uv": {
								"north": {"uv": [10.66666, 0], "uv_size": [2.66666, 5.33333]}
							}
						}
					]
				}
			]
		}
	]
}