{
    "format_version": "1.10.0",
    "minecraft:attachable": {
        "description": {
            "identifier": "geyser_custom:water_effect",
            "materials": {
                "default": "entity_alphatest_one_sided",
                "enchanted": "entity_alphatest_one_sided"
            },
            "textures": {
                "water_0": "textures/blocks/customcrops/base/water_effect_0",
                "water_1": "textures/blocks/customcrops/base/water_effect_1",
                "water_2": "textures/blocks/customcrops/base/water_effect_2",
                "water_3": "textures/blocks/customcrops/base/water_effect_3",
                "water_4": "textures/blocks/customcrops/base/water_effect_4",
                "enchanted": "textures/misc/enchanted_item_glint"
            },
            "geometry": {
                "default": "geometry.blocks.customcrops.base.water_effect_geo.soojcraft"
            },
            "scripts": {
                "pre_animation": [
                    "v.main_hand = c.item_slot == 'main_hand';",
                    "v.off_hand = c.item_slot == 'off_hand';",
                    "v.head = c.item_slot == 'head';"
                ],
                "animate": [
                    {
                        "thirdperson_main_hand": "v.main_hand && !c.is_first_person"
                    },
                    {
                        "thirdperson_off_hand": "v.off_hand && !c.is_first_person"
                    },
                    {
                        "thirdperson_head": "v.head && !c.is_first_person"
                    },
                    {
                        "firstperson_main_hand": "v.main_hand && c.is_first_person"
                    },
                    {
                        "firstperson_off_hand": "v.off_hand && c.is_first_person"
                    },
                    {
                        "firstperson_head": "c.is_first_person && v.head"
                    }
                ]
            },
            "animations": {
                "thirdperson_main_hand": "animation.customcrops.base.animation_water_effect_geo.soojcraft.thirdperson_main_hand",
                "thirdperson_off_hand": "animation.customcrops.base.animation_water_effect_geo.soojcraft.thirdperson_off_hand",
                "thirdperson_head": "animation.customcrops.base.animation_water_effect_geo.soojcraft.head",
                "firstperson_main_hand": "animation.customcrops.base.animation_water_effect_geo.soojcraft.firstperson_main_hand",
                "firstperson_off_hand": "animation.customcrops.base.animation_water_effect_geo.soojcraft.firstperson_off_hand",
                "firstperson_head": "animation.geyser_custom.disable"
            },
            "render_controllers": [
                "controller.render.item_default"
            ]
        }
    }
}