{
	"format_version": "1.12.0",
	"minecraft:geometry": [
		{
			"description": {
				"identifier": "geometry.items.customcrops.base.crow_stand_geo.soojcraft",
				"texture_width": 32,
				"texture_height": 32,
				"visible_bounds_width": 3,
				"visible_bounds_height": 2.5,
				"visible_bounds_offset": [0, 0.75, 0]
			},
			"bones": [
				{
					"name": "bb_main",
					"pivot": [0, 0, 0],
					"cubes": [
						{"origin": [-2, -10.7, 1.3], "size": [4, 7, 0], "pivot": [8, 0, -8], "rotation": [45, 0, 0], "uv": [0, 23]},
						{"origin": [-3, -5, -1], "size": [1, 8, 4], "pivot": [-8, 0, -8], "rotation": [45, 0, 0], "uv": [10, 11]},
						{"origin": [2, -5, -1], "size": [1, 8, 4], "pivot": [8, 0, -8], "rotation": [45, 0, 0], "uv": [0, 11]},
						{"origin": [-1.025, 9, -9], "size": [2.05, 2, 4], "pivot": [0, 10, -6], "rotation": [22.5, 0, 0], "uv": [16, 19]},
						{"origin": [-1, 10, -6], "size": [2, 2, 4], "pivot": [0, 10, -6], "rotation": [22.5, 0, 0], "uv": [16, 7]},
						{"origin": [-1.5, 9, -5.5], "size": [3, 3, 4], "uv": [16, 0]},
						{"origin": [-2, 0, -2], "size": [4, 7, 4], "pivot": [8, 0, -8], "rotation": [22.5, 0, 0], "uv": [0, 0]}
					]
				}
			]
		}
	]
}