{
	"format_version": "1.12.0",
	"minecraft:geometry": [
		{
			"description": {
				"identifier": "geometry.items.customcrops.base.crow_fly_geo.soojcraft",
				"texture_width": 64,
				"texture_height": 64,
				"visible_bounds_width": 3,
				"visible_bounds_height": 2,
				"visible_bounds_offset": [0, 0, 0]
			},
			"bones": [
				{
					"name": "bb_main",
					"pivot": [0, 0, 0],
					"cubes": [
						{"origin": [-2, 4.3, 8.7], "size": [4, 0, 7], "pivot": [8, -5, 5], "rotation": [22.5, 0, 0], "uv": [25, 0]},
						{"origin": [-2, 1, -2], "size": [4, 4, 7], "uv": [25, 25]},
						{"origin": [-11, 1, -4], "size": [12, 0, 8], "pivot": [-8, -5, 5], "rotation": [0, 0, -22.5], "uv": [0, 24]},
						{"origin": [-1, 1, -4], "size": [12, 0, 8], "pivot": [8, -5, 5], "rotation": [0, 0, 22.5], "uv": [0, 16]},
						{"origin": [-14, 4, -4], "size": [12, 0, 8], "uv": [0, 8]},
						{"origin": [2, 4, -4], "size": [12, 0, 8], "uv": [0, 0]},
						{"origin": [-1.5, 0, -4.5], "size": [3, 3, 4], "pivot": [0, 1, -5], "rotation": [22.5, 0, 0], "uv": [0, 32]},
						{"origin": [-1, 1, -5], "size": [2, 2, 4], "pivot": [0, 1, -5], "rotation": [45, 0, 0], "uv": [32, 13]},
						{"origin": [-1.025, 0, -8], "size": [2.05, 2, 4], "pivot": [0, 1, -5], "rotation": [45, 0, 0], "uv": [32, 7]}
					]
				}
			]
		}
	]
}