{
	"format_version": "1.12.0",
	"minecraft:geometry": [
		{
			"description": {
				"identifier": "geometry.blocks.customcrops.base.pot_geo.soojcraft",
				"texture_width": 16,
				"texture_height": 16,
				"visible_bounds_width": 2,
				"visible_bounds_height": 2.5,
				"visible_bounds_offset": [0, 0.75, 0]
			},
			"bones": [
				{
					"name": "bb_main",
					"pivot": [0, 0, 0],
					"cubes": [
						{
							"origin": [-8, 0, -8],
							"size": [16, 16, 16],
							"uv": {
								"north": {"uv": [0, 12.25], "uv_size": [4, 3.75]},
								"east": {"uv": [0, 12.25], "uv_size": [4, 3.75]},
								"south": {"uv": [0, 12.25], "uv_size": [4, 3.75]},
								"west": {"uv": [0, 12.25], "uv_size": [4, 3.75]},
								"up": {"uv": [0, 0], "uv_size": [0, 0]},
								"down": {"uv": [8, 16], "uv_size": [-4, -4]}
							}
						},
						{
							"origin": [6, 16, -8],
							"size": [2, 2, 2],
							"uv": {
								"north": {"uv": [1, 12], "uv_size": [0.5, 0.5]},
								"east": {"uv": [0, 15.5], "uv_size": [0.5, 0.5]},
								"south": {"uv": [0, 12], "uv_size": [0.5, 0.5]},
								"west": {"uv": [1, 12], "uv_size": [0.5, 0.5]},
								"up": {"uv": [12, 4.25], "uv_size": [-0.5, -0.5]},
								"down": {"uv": [0, 0], "uv_size": [0, 0]}
							}
						},
						{
							"origin": [6, 16, 6],
							"size": [2, 2, 2],
							"uv": {
								"north": {"uv": [0, 12], "uv_size": [0.5, 0.5]},
								"east": {"uv": [3, 12], "uv_size": [0.5, 0.5]},
								"south": {"uv": [2, 12], "uv_size": [0.5, 0.5]},
								"west": {"uv": [0, 12], "uv_size": [0.5, 0.5]},
								"up": {"uv": [12, 3.5], "uv_size": [-0.5, -0.5]},
								"down": {"uv": [0, 0], "uv_size": [0, 0]}
							}
						},
						{
							"origin": [-8, 16, 6],
							"size": [2, 2, 2],
							"uv": {
								"north": {"uv": [4.75, 13.25], "uv_size": [0.5, 0.5]},
								"east": {"uv": [5.25, 12.25], "uv_size": [0.5, 0.5]},
								"south": {"uv": [2.25, 12], "uv_size": [0.5, 0.5]},
								"west": {"uv": [5.25, 14], "uv_size": [-0.5, -0.5]},
								"up": {"uv": [8.75, 5], "uv_size": [-0.5, -0.5]},
								"down": {"uv": [0, 0], "uv_size": [0, 0]}
							}
						},
						{
							"origin": [-8, 16, -8],
							"size": [2, 2, 2],
							"uv": {
								"north": {"uv": [1.75, 12], "uv_size": [0.5, 0.5]},
								"east": {"uv": [1, 12], "uv_size": [0.5, 0.5]},
								"south": {"uv": [4, 15.5], "uv_size": [0.5, 0.5]},
								"west": {"uv": [0.5, 13.75], "uv_size": [0.5, 0.5]},
								"up": {"uv": [12, 4.25], "uv_size": [-0.5, -0.5]},
								"down": {"uv": [0, 0], "uv_size": [0, 0]}
							}
						},
						{
							"origin": [-6, 16, -8],
							"size": [12, 1, 2],
							"uv": {
								"north": {"uv": [0, 12], "uv_size": [3, 0.25]},
								"east": {"uv": [0, 0], "uv_size": [0, 0]},
								"south": {"uv": [4.75, 12], "uv_size": [3, 0.25]},
								"west": {"uv": [0, 0], "uv_size": [0, 0]},
								"up": {"uv": [7.5, 12.5], "uv_size": [-3, -0.5]},
								"down": {"uv": [0, 0], "uv_size": [0, 0]}
							}
						},
						{
							"origin": [-6, 16, 6],
							"size": [12, 1, 2],
							"uv": {
								"north": {"uv": [4.25, 12], "uv_size": [3, 0.25]},
								"east": {"uv": [0, 0], "uv_size": [0, 0]},
								"south": {"uv": [0.5, 12], "uv_size": [2.75, 0.25]},
								"west": {"uv": [0, 0], "uv_size": [0, 0]},
								"up": {"uv": [7.75, 12.5], "uv_size": [-3, -0.5]},
								"down": {"uv": [0, 0], "uv_size": [0, 0]}
							}
						},
						{
							"origin": [-8, 16, -6],
							"size": [2, 1, 12],
							"uv": {
								"north": {"uv": [0, 0], "uv_size": [0, 0]},
								"east": {"uv": [4.25, 12], "uv_size": [3, 0.25]},
								"south": {"uv": [0, 0], "uv_size": [0, 0]},
								"west": {"uv": [4, 12.25], "uv_size": [-3.25, -0.25]},
								"up": {"uv": [12, 3], "uv_size": [-0.5, -3]},
								"down": {"uv": [0, 0], "uv_size": [0, 0]}
							}
						},
						{
							"origin": [6, 16, -6],
							"size": [2, 1, 12],
							"uv": {
								"north": {"uv": [0, 0], "uv_size": [0, 0]},
								"east": {"uv": [0, 12], "uv_size": [3, 0.25]},
								"south": {"uv": [0, 0], "uv_size": [0, 0]},
								"west": {"uv": [7.5, 12], "uv_size": [-3, 0.25]},
								"up": {"uv": [11.5, 7.75], "uv_size": [0.5, -3.5]},
								"down": {"uv": [0, 0], "uv_size": [0, 0]}
							}
						},
						{
							"origin": [-8, 16, -8],
							"size": [16, 0, 16],
							"uv": {
								"north": {"uv": [0, 0], "uv_size": [0, 0]},
								"east": {"uv": [0, 0], "uv_size": [0, 0]},
								"south": {"uv": [0, 0], "uv_size": [0, 0]},
								"west": {"uv": [0, 0], "uv_size": [0, 0]},
								"up": {"uv": [4, 12], "uv_size": [-4, -4]},
								"down": {"uv": [0, 0], "uv_size": [0, 0]}
							}
						}
					]
				}
			]
		}
	]
}