{
	"format_version": "1.12.0",
	"minecraft:geometry": [
		{
			"description": {
				"identifier": "geometry.blocks.customcrops.base.sprinkler_3_geo.soojcraft",
				"texture_width": 16,
				"texture_height": 16,
				"visible_bounds_width": 2,
				"visible_bounds_height": 1.5,
				"visible_bounds_offset": [0, 0.25, 0]
			},
			"bones": [
				{
					"name": "bb_main",
					"pivot": [0, 0, 0],
					"cubes": [
						{
							"origin": [-1, 0, -1],
							"size": [2, 3, 2],
							"uv": {
								"north": {"uv": [10, 6], "uv_size": [-2, 3]},
								"east": {"uv": [8, 6], "uv_size": [2, 3]},
								"south": {"uv": [10, 6], "uv_size": [-2, 3]},
								"west": {"uv": [8, 6], "uv_size": [2, 3]},
								"up": {"uv": [0, 0], "uv_size": [0, 0]},
								"down": {"uv": [0, 0], "uv_size": [0, 0]}
							}
						},
						{
							"origin": [-2, 3, -2],
							"size": [4, 5, 4],
							"uv": {
								"north": {"uv": [0, 10], "uv_size": [4, 5]},
								"east": {"uv": [0, 10], "uv_size": [4, 5]},
								"south": {"uv": [0, 10], "uv_size": [4, 5]},
								"west": {"uv": [0, 10], "uv_size": [4, 5]},
								"up": {"uv": [4, 10], "uv_size": [-4, -4]},
								"down": {"uv": [8, 10], "uv_size": [-4, -4]}
							}
						},
						{
							"origin": [2, 5, -1],
							"size": [3, 2, 2],
							"uv": {
								"north": {"uv": [14, 0], "uv_size": [2, 3]},
								"east": {"uv": [0, 0], "uv_size": [2, 2]},
								"south": {"uv": [14, 0], "uv_size": [2, 3]},
								"west": {"uv": [0, 0], "uv_size": [2, 2]},
								"up": {"uv": [14, 3], "uv_size": [-2, -3]},
								"down": {"uv": [11, 6], "uv_size": [-3, -2]}
							}
						},
						{
							"origin": [5, 4, -2],
							"size": [2, 4, 4],
							"uv": {
								"north": {"uv": [0, 0], "uv_size": [2, 4]},
								"east": {"uv": [8, 0], "uv_size": [4, 4]},
								"south": {"uv": [6, 0], "uv_size": [2, 4]},
								"west": {"uv": [2, 0], "uv_size": [4, 4]},
								"up": {"uv": [4, 6], "uv_size": [-4, -2]},
								"down": {"uv": [8, 6], "uv_size": [-4, -2]}
							}
						},
						{
							"origin": [-1, 5, 2],
							"size": [2, 2, 3],
							"uv": {
								"north": {"uv": [0, 0], "uv_size": [2, 2]},
								"east": {"uv": [14, 0], "uv_size": [2, 3]},
								"south": {"uv": [0, 0], "uv_size": [2, 2]},
								"west": {"uv": [14, 0], "uv_size": [2, 3]},
								"up": {"uv": [14, 3], "uv_size": [-2, -3]},
								"down": {"uv": [11, 6], "uv_size": [-3, -2]}
							}
						},
						{
							"origin": [-2, 4, 5],
							"size": [4, 4, 2],
							"uv": {
								"north": {"uv": [8, 0], "uv_size": [4, 4]},
								"east": {"uv": [6, 0], "uv_size": [2, 4]},
								"south": {"uv": [2, 0], "uv_size": [4, 4]},
								"west": {"uv": [0, 0], "uv_size": [2, 4]},
								"up": {"uv": [4, 6], "uv_size": [-4, -2]},
								"down": {"uv": [8, 6], "uv_size": [-4, -2]}
							}
						},
						{
							"origin": [-5, 5, -1],
							"size": [3, 2, 2],
							"uv": {
								"north": {"uv": [14, 0], "uv_size": [2, 3]},
								"east": {"uv": [0, 0], "uv_size": [2, 2]},
								"south": {"uv": [14, 0], "uv_size": [2, 3]},
								"west": {"uv": [0, 0], "uv_size": [2, 2]},
								"up": {"uv": [14, 3], "uv_size": [-2, -3]},
								"down": {"uv": [11, 6], "uv_size": [-3, -2]}
							}
						},
						{
							"origin": [-7, 4, -2],
							"size": [2, 4, 4],
							"uv": {
								"north": {"uv": [6, 0], "uv_size": [2, 4]},
								"east": {"uv": [2, 0], "uv_size": [4, 4]},
								"south": {"uv": [0, 0], "uv_size": [2, 4]},
								"west": {"uv": [8, 0], "uv_size": [4, 4]},
								"up": {"uv": [4, 6], "uv_size": [-4, -2]},
								"down": {"uv": [8, 6], "uv_size": [-4, -2]}
							}
						},
						{
							"origin": [-1, 5, -5],
							"size": [2, 2, 3],
							"uv": {
								"north": {"uv": [0, 0], "uv_size": [2, 2]},
								"east": {"uv": [14, 0], "uv_size": [2, 3]},
								"south": {"uv": [0, 0], "uv_size": [2, 2]},
								"west": {"uv": [14, 0], "uv_size": [2, 3]},
								"up": {"uv": [14, 3], "uv_size": [-2, -3]},
								"down": {"uv": [11, 6], "uv_size": [-3, -2]}
							}
						},
						{
							"origin": [-2, 4, -7],
							"size": [4, 4, 2],
							"uv": {
								"north": {"uv": [2, 0], "uv_size": [4, 4]},
								"east": {"uv": [0, 0], "uv_size": [2, 4]},
								"south": {"uv": [8, 0], "uv_size": [4, 4]},
								"west": {"uv": [6, 0], "uv_size": [2, 4]},
								"up": {"uv": [4, 6], "uv_size": [-4, -2]},
								"down": {"uv": [8, 6], "uv_size": [-4, -2]}
							}
						}
					]
				}
			]
		}
	]
}