{
	"format_version": "1.12.0",
	"minecraft:geometry": [
		{
			"description": {
				"identifier": "geometry.blocks.customcrops.base.water_effect_geo.soojcraft",
				"texture_width": 16,
				"texture_height": 16,
				"visible_bounds_width": 4,
				"visible_bounds_height": 2.5,
				"visible_bounds_offset": [0, 0.75, 0]
			},
			"bones": [
				{
					"name": "bone",
					"pivot": [8, 0, -8],
					"cubes": [
						{
							"origin": [-12, 3, -0.9],
							"size": [24, 16, 0],
							"pivot": [0, 0, 0.1],
							"rotation": [45, 0, 0],
							"uv": {
								"south": {"uv": [0, 5], "uv_size": [12, 8]}
							}
						},
						{
							"origin": [-1, 3, -11.9],
							"size": [0, 16, 24],
							"pivot": [0, 0, 0.1],
							"rotation": [0, 0, -45],
							"uv": {
								"west": {"uv": [0, 5], "uv_size": [12, 8]}
							}
						},
						{
							"origin": [-12, 3, 1.1],
							"size": [24, 16, 0],
							"pivot": [0, 0, 0.1],
							"rotation": [-45, 0, 0],
							"uv": {
								"north": {"uv": [0, 5], "uv_size": [12, 8]}
							}
						},
						{
							"origin": [1, 3, -11.9],
							"size": [0, 16, 24],
							"pivot": [0, 0, 0.1],
							"rotation": [0, 0, 45],
							"uv": {
								"east": {"uv": [0, 5], "uv_size": [12, 8]}
							}
						},
						{
							"origin": [-12, 12.7, -24],
							"size": [24, 0, 10],
							"uv": {
								"up": {"uv": [12, 5], "uv_size": [-12, -5]}
							}
						},
						{
							"origin": [-24, 12.7, -12],
							"size": [10, 0, 24],
							"uv": {
								"up": {"uv": [16, 13], "uv_size": [-4, -12]}
							}
						},
						{
							"origin": [-12, 12.7, 14],
							"size": [24, 0, 10],
							"uv": {
								"up": {"uv": [12, 0], "uv_size": [-12, 5]}
							}
						},
						{
							"origin": [14, 12.7, -12],
							"size": [10, 0, 24],
							"uv": {
								"up": {"uv": [12, 13], "uv_size": [4, -12]}
							}
						}
					]
				}
			]
		}
	]
}